id,firstname,lastname,email,email2,profession
100,Fidelia,Cleo,Fidelia.Cleo@yopmail.com,Fidelia.Cleo@gmail.com,firefighter
101,Desirae,Anton,Desirae.Anton@yopmail.com,Desirae.Anton@gmail.com,developer
102,Bill,Pattin,Bill.Pattin@yopmail.com,Bill.Pattin@gmail.com,doctor
103,Maryellen,Anyah,Maryellen.Anyah@yopmail.com,Maryellen.Anyah@gmail.com,worker
104,Mignon,Dex,Mignon.Dex@yopmail.com,Mignon.Dex@gmail.com,worker
105,Anthia,Yate,Anthia.Yate@yopmail.com,Anthia.Yate@gmail.com,worker
106,Aigneis,Stilwell,Aigneis.Stilwell@yopmail.com,Aigneis.Stilwell@gmail.com,developer
107,Priscilla,Nelsen,Priscilla.Nelsen@yopmail.com,Priscilla.Nelsen@gmail.com,firefighter
108,Donnie,Imelida,Donnie.Imelida@yopmail.com,Donnie.Imelida@gmail.com,worker
109,Rori,Merell,Rori.Merell@yopmail.com,Rori.Merell@gmail.com,firefighter
110,Olivette,Blake,Olivette.Blake@yopmail.com,Olivette.Blake@gmail.com,doctor
111,Flory,Adalbert,Flory.Adalbert@yopmail.com,Flory.Adalbert@gmail.com,developer
112,Audrie,Koehler,Audrie.Koehler@yopmail.com,Audrie.Koehler@gmail.com,doctor
113,Sue,McAdams,Sue.McAdams@yopmail.com,Sue.McAdams@gmail.com,firefighter
114,Daphne,Syd,Daphne.Syd@yopmail.com,Daphne.Syd@gmail.com,worker
115,Max,Uund,Max.Uund@yopmail.com,Max.Uund@gmail.com,police officer
116,Ekaterina,Grobe,Ekaterina.Grobe@yopmail.com,Ekaterina.Grobe@gmail.com,doctor
117,Nikki,Warthman,Nikki.Warthman@yopmail.com,Nikki.Warthman@gmail.com,worker
118,Marguerite,Rillings,Marguerite.Rillings@yopmail.com,Marguerite.Rillings@gmail.com,developer
119,Rubie,O'Carroll,Rubie.O'Carroll@yopmail.com,Rubie.O'Carroll@gmail.com,police officer
120,Hannis,Timon,Hannis.Timon@yopmail.com,Hannis.Timon@gmail.com,firefighter
121,Helena,Melony,Helena.Melony@yopmail.com,Helena.Melony@gmail.com,worker
122,Orelia,Hurley,Orelia.Hurley@yopmail.com,Orelia.Hurley@gmail.com,police officer
123,Lanna,Gavrila,Lanna.Gavrila@yopmail.com,Lanna.Gavrila@gmail.com,doctor
124,Nerta,Meli,Nerta.Meli@yopmail.com,Nerta.Meli@gmail.com,doctor
125,Valera,Jalbert,Valera.Jalbert@yopmail.com,Valera.Jalbert@gmail.com,worker
126,Caritta,Gert,Caritta.Gert@yopmail.com,Caritta.Gert@gmail.com,police officer
127,Chloris,Kellby,Chloris.Kellby@yopmail.com,Chloris.Kellby@gmail.com,doctor
128,Maisey,Gerge,Maisey.Gerge@yopmail.com,Maisey.Gerge@gmail.com,worker
129,Barbara,Turne,Barbara.Turne@yopmail.com,Barbara.Turne@gmail.com,doctor
130,Kristan,Shelba,Kristan.Shelba@yopmail.com,Kristan.Shelba@gmail.com,worker
131,Evaleen,Etom,Evaleen.Etom@yopmail.com,Evaleen.Etom@gmail.com,worker
132,Candi,Septima,Candi.Septima@yopmail.com,Candi.Septima@gmail.com,doctor
133,Nataline,Toni,Nataline.Toni@yopmail.com,Nataline.Toni@gmail.com,doctor
134,Katleen,August,Katleen.August@yopmail.com,Katleen.August@gmail.com,doctor
135,Arlina,Fennessy,Arlina.Fennessy@yopmail.com,Arlina.Fennessy@gmail.com,doctor
136,Mary,Gaspard,Mary.Gaspard@yopmail.com,Mary.Gaspard@gmail.com,developer
137,Hayley,Gherardo,Hayley.Gherardo@yopmail.com,Hayley.Gherardo@gmail.com,firefighter
138,Frances,Bertold,Frances.Bertold@yopmail.com,Frances.Bertold@gmail.com,firefighter
139,Bibby,Zeeba,Bibby.Zeeba@yopmail.com,Bibby.Zeeba@gmail.com,police officer
140,Rosanne,Felecia,Rosanne.Felecia@yopmail.com,Rosanne.Felecia@gmail.com,developer
141,Yetty,Tjon,Yetty.Tjon@yopmail.com,Yetty.Tjon@gmail.com,worker
142,Siana,Hashim,Siana.Hashim@yopmail.com,Siana.Hashim@gmail.com,police officer
143,Clementine,Grosz,Clementine.Grosz@yopmail.com,Clementine.Grosz@gmail.com,developer
144,Melodie,Denis,Melodie.Denis@yopmail.com,Melodie.Denis@gmail.com,firefighter
145,Edyth,Pip,Edyth.Pip@yopmail.com,Edyth.Pip@gmail.com,worker
146,Gratia,Rebecka,Gratia.Rebecka@yopmail.com,Gratia.Rebecka@gmail.com,developer
147,Adele,Angelis,Adele.Angelis@yopmail.com,Adele.Angelis@gmail.com,worker
148,Carly,Brady,Carly.Brady@yopmail.com,Carly.Brady@gmail.com,firefighter
149,Brana,Gino,Brana.Gino@yopmail.com,Brana.Gino@gmail.com,firefighter
150,Amara,Urania,Amara.Urania@yopmail.com,Amara.Urania@gmail.com,police officer
151,Beth,Sholley,Beth.Sholley@yopmail.com,Beth.Sholley@gmail.com,doctor
152,Ezmeralda,Mullane,Ezmeralda.Mullane@yopmail.com,Ezmeralda.Mullane@gmail.com,doctor
153,Marika,Pond,Marika.Pond@yopmail.com,Marika.Pond@gmail.com,police officer
154,Claudina,Ailyn,Claudina.Ailyn@yopmail.com,Claudina.Ailyn@gmail.com,developer
155,Chastity,Peg,Chastity.Peg@yopmail.com,Chastity.Peg@gmail.com,doctor
156,Betta,Berard,Betta.Berard@yopmail.com,Betta.Berard@gmail.com,firefighter
157,Harmonia,Penelopa,Harmonia.Penelopa@yopmail.com,Harmonia.Penelopa@gmail.com,police officer
158,Patricia,Rozanna,Patricia.Rozanna@yopmail.com,Patricia.Rozanna@gmail.com,developer
159,Kaia,Leffen,Kaia.Leffen@yopmail.com,Kaia.Leffen@gmail.com,firefighter
160,Olivette,Jefferey,Olivette.Jefferey@yopmail.com,Olivette.Jefferey@gmail.com,doctor
161,Evaleen,Cloris,Evaleen.Cloris@yopmail.com,Evaleen.Cloris@gmail.com,doctor
162,Janeczka,Ferino,Janeczka.Ferino@yopmail.com,Janeczka.Ferino@gmail.com,developer
163,Gerianna,August,Gerianna.August@yopmail.com,Gerianna.August@gmail.com,developer
164,Emylee,Germann,Emylee.Germann@yopmail.com,Emylee.Germann@gmail.com,developer
165,Jenda,Oster,Jenda.Oster@yopmail.com,Jenda.Oster@gmail.com,doctor
166,Lindie,Mich,Lindie.Mich@yopmail.com,Lindie.Mich@gmail.com,police officer
167,Kellen,Bonucci,Kellen.Bonucci@yopmail.com,Kellen.Bonucci@gmail.com,police officer
168,Aryn,Brandice,Aryn.Brandice@yopmail.com,Aryn.Brandice@gmail.com,worker
169,Winny,Hilbert,Winny.Hilbert@yopmail.com,Winny.Hilbert@gmail.com,worker
170,Alejandra,Bari,Alejandra.Bari@yopmail.com,Alejandra.Bari@gmail.com,worker
171,Mahalia,Darrell,Mahalia.Darrell@yopmail.com,Mahalia.Darrell@gmail.com,police officer
172,Alisha,Tice,Alisha.Tice@yopmail.com,Alisha.Tice@gmail.com,firefighter
173,Kelly,Billye,Kelly.Billye@yopmail.com,Kelly.Billye@gmail.com,firefighter
174,Deedee,Palocz,Deedee.Palocz@yopmail.com,Deedee.Palocz@gmail.com,worker
175,Arlina,Imelida,Arlina.Imelida@yopmail.com,Arlina.Imelida@gmail.com,worker
176,Annabela,Guildroy,Annabela.Guildroy@yopmail.com,Annabela.Guildroy@gmail.com,worker
177,Flory,Pelagias,Flory.Pelagias@yopmail.com,Flory.Pelagias@gmail.com,firefighter
178,Drucie,Bandeen,Drucie.Bandeen@yopmail.com,Drucie.Bandeen@gmail.com,police officer
179,Karolina,Adrienne,Karolina.Adrienne@yopmail.com,Karolina.Adrienne@gmail.com,doctor
180,Gavrielle,Japeth,Gavrielle.Japeth@yopmail.com,Gavrielle.Japeth@gmail.com,firefighter
181,Trixi,Cleavland,Trixi.Cleavland@yopmail.com,Trixi.Cleavland@gmail.com,police officer
182,Grier,Suzetta,Grier.Suzetta@yopmail.com,Grier.Suzetta@gmail.com,firefighter
183,Correy,Orlene,Correy.Orlene@yopmail.com,Correy.Orlene@gmail.com,police officer
184,Fayre,Pearse,Fayre.Pearse@yopmail.com,Fayre.Pearse@gmail.com,police officer
185,Dulcinea,Sadowski,Dulcinea.Sadowski@yopmail.com,Dulcinea.Sadowski@gmail.com,worker
186,Ayn,Willie,Ayn.Willie@yopmail.com,Ayn.Willie@gmail.com,firefighter
187,Tamqrah,Jacinda,Tamqrah.Jacinda@yopmail.com,Tamqrah.Jacinda@gmail.com,firefighter
188,Clementine,Kiyoshi,Clementine.Kiyoshi@yopmail.com,Clementine.Kiyoshi@gmail.com,firefighter
189,Delilah,Georgy,Delilah.Georgy@yopmail.com,Delilah.Georgy@gmail.com,worker
190,Lily,Niles,Lily.Niles@yopmail.com,Lily.Niles@gmail.com,worker
191,Orelia,Hertzfeld,Orelia.Hertzfeld@yopmail.com,Orelia.Hertzfeld@gmail.com,police officer
192,Ethel,Raseda,Ethel.Raseda@yopmail.com,Ethel.Raseda@gmail.com,firefighter
193,Ayn,Linskey,Ayn.Linskey@yopmail.com,Ayn.Linskey@gmail.com,police officer
194,Atlanta,Brady,Atlanta.Brady@yopmail.com,Atlanta.Brady@gmail.com,police officer
195,Ernesta,Kathie,Ernesta.Kathie@yopmail.com,Ernesta.Kathie@gmail.com,developer
196,Lorne,Greyson,Lorne.Greyson@yopmail.com,Lorne.Greyson@gmail.com,doctor
197,Alexine,Schwejda,Alexine.Schwejda@yopmail.com,Alexine.Schwejda@gmail.com,doctor
198,Ileana,Riordan,Ileana.Riordan@yopmail.com,Ileana.Riordan@gmail.com,worker
199,Emilia,Couture,Emilia.Couture@yopmail.com,Emilia.Couture@gmail.com,worker
200,Orsola,Seumas,Orsola.Seumas@yopmail.com,Orsola.Seumas@gmail.com,worker
201,Goldie,Kinnard,Goldie.Kinnard@yopmail.com,Goldie.Kinnard@gmail.com,police officer
202,Marinna,Mullane,Marinna.Mullane@yopmail.com,Marinna.Mullane@gmail.com,police officer
203,Tarra,Jary,Tarra.Jary@yopmail.com,Tarra.Jary@gmail.com,police officer
204,Viviene,Ariella,Viviene.Ariella@yopmail.com,Viviene.Ariella@gmail.com,doctor
205,Ezmeralda,Winthorpe,Ezmeralda.Winthorpe@yopmail.com,Ezmeralda.Winthorpe@gmail.com,worker
206,Siana,Ezar,Siana.Ezar@yopmail.com,Siana.Ezar@gmail.com,firefighter
207,Arlina,Liebermann,Arlina.Liebermann@yopmail.com,Arlina.Liebermann@gmail.com,developer
208,Atlanta,Aldric,Atlanta.Aldric@yopmail.com,Atlanta.Aldric@gmail.com,firefighter
209,Meghann,Ricarda,Meghann.Ricarda@yopmail.com,Meghann.Ricarda@gmail.com,developer
210,Raf,Ralfston,Raf.Ralfston@yopmail.com,Raf.Ralfston@gmail.com,police officer
211,Rani,Gahl,Rani.Gahl@yopmail.com,Rani.Gahl@gmail.com,firefighter
212,Juliane,McAdams,Juliane.McAdams@yopmail.com,Juliane.McAdams@gmail.com,doctor
213,Leontine,Deny,Leontine.Deny@yopmail.com,Leontine.Deny@gmail.com,police officer
214,Angela,Gavrila,Angela.Gavrila@yopmail.com,Angela.Gavrila@gmail.com,doctor
215,Jean,Othilia,Jean.Othilia@yopmail.com,Jean.Othilia@gmail.com,doctor
216,Dotty,Leifeste,Dotty.Leifeste@yopmail.com,Dotty.Leifeste@gmail.com,developer
217,Leia,Kunin,Leia.Kunin@yopmail.com,Leia.Kunin@gmail.com,firefighter
218,Emelina,Maiah,Emelina.Maiah@yopmail.com,Emelina.Maiah@gmail.com,developer
219,Sophia,Rurik,Sophia.Rurik@yopmail.com,Sophia.Rurik@gmail.com,worker
220,Collen,Sasnett,Collen.Sasnett@yopmail.com,Collen.Sasnett@gmail.com,worker
221,Georgina,Arathorn,Georgina.Arathorn@yopmail.com,Georgina.Arathorn@gmail.com,firefighter
222,Carly,Birdella,Carly.Birdella@yopmail.com,Carly.Birdella@gmail.com,firefighter
223,Tybie,Peonir,Tybie.Peonir@yopmail.com,Tybie.Peonir@gmail.com,doctor
224,Kimberley,Regan,Kimberley.Regan@yopmail.com,Kimberley.Regan@gmail.com,firefighter
225,Emma,Carolin,Emma.Carolin@yopmail.com,Emma.Carolin@gmail.com,police officer
226,Odessa,Dorothy,Odessa.Dorothy@yopmail.com,Odessa.Dorothy@gmail.com,doctor
227,Jinny,Cloris,Jinny.Cloris@yopmail.com,Jinny.Cloris@gmail.com,firefighter
228,Belva,Gladstone,Belva.Gladstone@yopmail.com,Belva.Gladstone@gmail.com,police officer
229,Frances,Hathaway,Frances.Hathaway@yopmail.com,Frances.Hathaway@gmail.com,police officer
230,Correy,Sallyann,Correy.Sallyann@yopmail.com,Correy.Sallyann@gmail.com,doctor
231,Cecile,Dulciana,Cecile.Dulciana@yopmail.com,Cecile.Dulciana@gmail.com,police officer
232,Roseline,Corabella,Roseline.Corabella@yopmail.com,Roseline.Corabella@gmail.com,firefighter
233,Marcelline,Hirsch,Marcelline.Hirsch@yopmail.com,Marcelline.Hirsch@gmail.com,doctor
234,Phylis,Suanne,Phylis.Suanne@yopmail.com,Phylis.Suanne@gmail.com,police officer
235,Elfreda,Lewes,Elfreda.Lewes@yopmail.com,Elfreda.Lewes@gmail.com,police officer
236,Thalia,Stefa,Thalia.Stefa@yopmail.com,Thalia.Stefa@gmail.com,police officer
237,Audrie,Nea,Audrie.Nea@yopmail.com,Audrie.Nea@gmail.com,firefighter
238,Cacilie,Henrie,Cacilie.Henrie@yopmail.com,Cacilie.Henrie@gmail.com,firefighter
239,Katleen,Dahlia,Katleen.Dahlia@yopmail.com,Katleen.Dahlia@gmail.com,police officer
240,Camile,Niles,Camile.Niles@yopmail.com,Camile.Niles@gmail.com,firefighter
241,Rosaline,Ramona,Rosaline.Ramona@yopmail.com,Rosaline.Ramona@gmail.com,developer
242,Margarette,Letsou,Margarette.Letsou@yopmail.com,Margarette.Letsou@gmail.com,worker
243,Wilma,Dahlia,Wilma.Dahlia@yopmail.com,Wilma.Dahlia@gmail.com,doctor
244,Robbi,Daniele,Robbi.Daniele@yopmail.com,Robbi.Daniele@gmail.com,firefighter
245,Myrtice,Eben,Myrtice.Eben@yopmail.com,Myrtice.Eben@gmail.com,worker
246,Aeriela,Dorcy,Aeriela.Dorcy@yopmail.com,Aeriela.Dorcy@gmail.com,police officer
247,Diena,Durware,Diena.Durware@yopmail.com,Diena.Durware@gmail.com,developer
248,Melodie,Astra,Melodie.Astra@yopmail.com,Melodie.Astra@gmail.com,worker
249,Nelle,Salvidor,Nelle.Salvidor@yopmail.com,Nelle.Salvidor@gmail.com,firefighter
250,Jacquetta,Randene,Jacquetta.Randene@yopmail.com,Jacquetta.Randene@gmail.com,firefighter
251,Ernesta,Yate,Ernesta.Yate@yopmail.com,Ernesta.Yate@gmail.com,worker
252,Corene,Shaver,Corene.Shaver@yopmail.com,Corene.Shaver@gmail.com,firefighter
253,Melodie,Firmin,Melodie.Firmin@yopmail.com,Melodie.Firmin@gmail.com,firefighter
254,Madeleine,Aldric,Madeleine.Aldric@yopmail.com,Madeleine.Aldric@gmail.com,police officer
255,Dacia,Amadas,Dacia.Amadas@yopmail.com,Dacia.Amadas@gmail.com,firefighter
256,Perry,Bergman,Perry.Bergman@yopmail.com,Perry.Bergman@gmail.com,firefighter
257,Sherrie,Arne,Sherrie.Arne@yopmail.com,Sherrie.Arne@gmail.com,worker
258,Silvana,Suanne,Silvana.Suanne@yopmail.com,Silvana.Suanne@gmail.com,developer
259,Zia,Parette,Zia.Parette@yopmail.com,Zia.Parette@gmail.com,firefighter
260,Kerrin,Sharl,Kerrin.Sharl@yopmail.com,Kerrin.Sharl@gmail.com,doctor
261,Emelina,Alisia,Emelina.Alisia@yopmail.com,Emelina.Alisia@gmail.com,worker
262,Violet,Sibyls,Violet.Sibyls@yopmail.com,Violet.Sibyls@gmail.com,firefighter
263,Chrystel,Lia,Chrystel.Lia@yopmail.com,Chrystel.Lia@gmail.com,police officer
264,Doralynne,Reinke,Doralynne.Reinke@yopmail.com,Doralynne.Reinke@gmail.com,doctor
265,Tera,Love,Tera.Love@yopmail.com,Tera.Love@gmail.com,police officer
266,Sadie,Prober,Sadie.Prober@yopmail.com,Sadie.Prober@gmail.com,worker
267,Regina,Giff,Regina.Giff@yopmail.com,Regina.Giff@gmail.com,developer
268,Alex,Kravits,Alex.Kravits@yopmail.com,Alex.Kravits@gmail.com,developer
269,Max,Meli,Max.Meli@yopmail.com,Max.Meli@gmail.com,developer
270,Fayre,Leffen,Fayre.Leffen@yopmail.com,Fayre.Leffen@gmail.com,police officer
271,Marguerite,Audly,Marguerite.Audly@yopmail.com,Marguerite.Audly@gmail.com,worker
272,Keelia,Kathie,Keelia.Kathie@yopmail.com,Keelia.Kathie@gmail.com,developer
273,Maud,Trinetta,Maud.Trinetta@yopmail.com,Maud.Trinetta@gmail.com,developer
274,Claudina,Pulsifer,Claudina.Pulsifer@yopmail.com,Claudina.Pulsifer@gmail.com,worker
275,Farrah,Graig,Farrah.Graig@yopmail.com,Farrah.Graig@gmail.com,developer
276,Corina,Persse,Corina.Persse@yopmail.com,Corina.Persse@gmail.com,worker
277,Corene,Shields,Corene.Shields@yopmail.com,Corene.Shields@gmail.com,police officer
278,Lory,Gino,Lory.Gino@yopmail.com,Lory.Gino@gmail.com,developer
279,Karina,Bendick,Karina.Bendick@yopmail.com,Karina.Bendick@gmail.com,doctor
280,Katuscha,Clywd,Katuscha.Clywd@yopmail.com,Katuscha.Clywd@gmail.com,police officer
281,Anallese,Tamar,Anallese.Tamar@yopmail.com,Anallese.Tamar@gmail.com,developer
282,Karina,Santoro,Karina.Santoro@yopmail.com,Karina.Santoro@gmail.com,developer
283,Calla,Arvo,Calla.Arvo@yopmail.com,Calla.Arvo@gmail.com,doctor
284,Amelia,Decato,Amelia.Decato@yopmail.com,Amelia.Decato@gmail.com,developer
285,Correy,Harned,Correy.Harned@yopmail.com,Correy.Harned@gmail.com,firefighter
286,Caritta,Taam,Caritta.Taam@yopmail.com,Caritta.Taam@gmail.com,developer
287,Dacia,Kendrick,Dacia.Kendrick@yopmail.com,Dacia.Kendrick@gmail.com,developer
288,Luci,Laverne,Luci.Laverne@yopmail.com,Luci.Laverne@gmail.com,developer
289,Sheelagh,Randene,Sheelagh.Randene@yopmail.com,Sheelagh.Randene@gmail.com,worker
290,Elbertina,Greenwald,Elbertina.Greenwald@yopmail.com,Elbertina.Greenwald@gmail.com,police officer
291,Nerta,Aurelio,Nerta.Aurelio@yopmail.com,Nerta.Aurelio@gmail.com,worker
292,Augustine,Eliathas,Augustine.Eliathas@yopmail.com,Augustine.Eliathas@gmail.com,worker
293,Rori,Duwalt,Rori.Duwalt@yopmail.com,Rori.Duwalt@gmail.com,developer
294,Claresta,Swanhildas,Claresta.Swanhildas@yopmail.com,Claresta.Swanhildas@gmail.com,worker
295,Nita,Celestine,Nita.Celestine@yopmail.com,Nita.Celestine@gmail.com,firefighter
296,Celisse,Liebermann,Celisse.Liebermann@yopmail.com,Celisse.Liebermann@gmail.com,developer
297,Calla,Holbrook,Calla.Holbrook@yopmail.com,Calla.Holbrook@gmail.com,doctor
298,Althea,Salchunas,Althea.Salchunas@yopmail.com,Althea.Salchunas@gmail.com,developer
299,Beverley,Donoghue,Beverley.Donoghue@yopmail.com,Beverley.Donoghue@gmail.com,developer
300,Larine,Lemuela,Larine.Lemuela@yopmail.com,Larine.Lemuela@gmail.com,worker
301,Ariela,Dom,Ariela.Dom@yopmail.com,Ariela.Dom@gmail.com,firefighter
302,Lizzie,Philipp,Lizzie.Philipp@yopmail.com,Lizzie.Philipp@gmail.com,doctor
303,Sue,Magdalen,Sue.Magdalen@yopmail.com,Sue.Magdalen@gmail.com,police officer
304,Gertrud,Amethist,Gertrud.Amethist@yopmail.com,Gertrud.Amethist@gmail.com,developer
305,Rosaline,Franza,Rosaline.Franza@yopmail.com,Rosaline.Franza@gmail.com,police officer
306,Andeee,Talia,Andeee.Talia@yopmail.com,Andeee.Talia@gmail.com,developer
307,Nadine,Anis,Nadine.Anis@yopmail.com,Nadine.Anis@gmail.com,developer
308,Winny,Teryn,Winny.Teryn@yopmail.com,Winny.Teryn@gmail.com,developer
309,Roseline,Fax,Roseline.Fax@yopmail.com,Roseline.Fax@gmail.com,firefighter
310,Clary,Rese,Clary.Rese@yopmail.com,Clary.Rese@gmail.com,firefighter
311,Gratia,Berl,Gratia.Berl@yopmail.com,Gratia.Berl@gmail.com,worker
312,Dari,Lemuela,Dari.Lemuela@yopmail.com,Dari.Lemuela@gmail.com,worker
313,Lita,Lucienne,Lita.Lucienne@yopmail.com,Lita.Lucienne@gmail.com,firefighter
314,Leontine,Woodberry,Leontine.Woodberry@yopmail.com,Leontine.Woodberry@gmail.com,developer
315,Tani,Ietta,Tani.Ietta@yopmail.com,Tani.Ietta@gmail.com,developer
316,Elmira,Pip,Elmira.Pip@yopmail.com,Elmira.Pip@gmail.com,worker
317,Charissa,Andrel,Charissa.Andrel@yopmail.com,Charissa.Andrel@gmail.com,developer
318,Laure,Carbo,Laure.Carbo@yopmail.com,Laure.Carbo@gmail.com,doctor
319,Dorene,Blase,Dorene.Blase@yopmail.com,Dorene.Blase@gmail.com,firefighter
320,Feliza,Avi,Feliza.Avi@yopmail.com,Feliza.Avi@gmail.com,worker
321,Trixi,Pauly,Trixi.Pauly@yopmail.com,Trixi.Pauly@gmail.com,developer
322,Donnie,Pulsifer,Donnie.Pulsifer@yopmail.com,Donnie.Pulsifer@gmail.com,doctor
323,Heddie,Sinegold,Heddie.Sinegold@yopmail.com,Heddie.Sinegold@gmail.com,firefighter
324,Loree,Garek,Loree.Garek@yopmail.com,Loree.Garek@gmail.com,firefighter
325,Marguerite,Solitta,Marguerite.Solitta@yopmail.com,Marguerite.Solitta@gmail.com,worker
326,Livvyy,Aprile,Livvyy.Aprile@yopmail.com,Livvyy.Aprile@gmail.com,firefighter
327,Starla,Saint,Starla.Saint@yopmail.com,Starla.Saint@gmail.com,police officer
328,Coral,Verger,Coral.Verger@yopmail.com,Coral.Verger@gmail.com,police officer
329,Tabbatha,Albertine,Tabbatha.Albertine@yopmail.com,Tabbatha.Albertine@gmail.com,police officer
330,Juliane,Olnee,Juliane.Olnee@yopmail.com,Juliane.Olnee@gmail.com,police officer
331,Henriette,Rese,Henriette.Rese@yopmail.com,Henriette.Rese@gmail.com,doctor
332,Yolane,Juan,Yolane.Juan@yopmail.com,Yolane.Juan@gmail.com,firefighter
333,Dulce,Eldrid,Dulce.Eldrid@yopmail.com,Dulce.Eldrid@gmail.com,developer
334,Cindelyn,Federica,Cindelyn.Federica@yopmail.com,Cindelyn.Federica@gmail.com,firefighter
335,Betta,Jacinda,Betta.Jacinda@yopmail.com,Betta.Jacinda@gmail.com,doctor
336,Molli,Jerold,Molli.Jerold@yopmail.com,Molli.Jerold@gmail.com,doctor
337,Jemie,Brenn,Jemie.Brenn@yopmail.com,Jemie.Brenn@gmail.com,developer
338,Dale,Telfer,Dale.Telfer@yopmail.com,Dale.Telfer@gmail.com,doctor
339,Elmira,Evvie,Elmira.Evvie@yopmail.com,Elmira.Evvie@gmail.com,developer
340,Britte,Elsinore,Britte.Elsinore@yopmail.com,Britte.Elsinore@gmail.com,police officer
341,Marinna,Cottle,Marinna.Cottle@yopmail.com,Marinna.Cottle@gmail.com,firefighter
342,Maurene,MacIntosh,Maurene.MacIntosh@yopmail.com,Maurene.MacIntosh@gmail.com,worker
343,Romona,Rolf,Romona.Rolf@yopmail.com,Romona.Rolf@gmail.com,doctor
344,Marnia,Calhoun,Marnia.Calhoun@yopmail.com,Marnia.Calhoun@gmail.com,worker
345,Suzette,Masao,Suzette.Masao@yopmail.com,Suzette.Masao@gmail.com,worker
346,Jessy,Alexandr,Jessy.Alexandr@yopmail.com,Jessy.Alexandr@gmail.com,firefighter
347,Aili,Verger,Aili.Verger@yopmail.com,Aili.Verger@gmail.com,developer
348,Lonnie,Thornburg,Lonnie.Thornburg@yopmail.com,Lonnie.Thornburg@gmail.com,developer
349,Alleen,Chandler,Alleen.Chandler@yopmail.com,Alleen.Chandler@gmail.com,worker
350,Daune,Winthorpe,Daune.Winthorpe@yopmail.com,Daune.Winthorpe@gmail.com,firefighter
351,Tami,Chinua,Tami.Chinua@yopmail.com,Tami.Chinua@gmail.com,police officer
352,Shaylyn,Knowling,Shaylyn.Knowling@yopmail.com,Shaylyn.Knowling@gmail.com,developer
353,Viki,Anton,Viki.Anton@yopmail.com,Viki.Anton@gmail.com,firefighter
354,Jsandye,Nahum,Jsandye.Nahum@yopmail.com,Jsandye.Nahum@gmail.com,developer
355,Lusa,Alrich,Lusa.Alrich@yopmail.com,Lusa.Alrich@gmail.com,developer
356,Felice,Goode,Felice.Goode@yopmail.com,Felice.Goode@gmail.com,firefighter
357,Daune,Riordan,Daune.Riordan@yopmail.com,Daune.Riordan@gmail.com,worker
358,Mireielle,Garlinda,Mireielle.Garlinda@yopmail.com,Mireielle.Garlinda@gmail.com,firefighter
359,Lexine,Faust,Lexine.Faust@yopmail.com,Lexine.Faust@gmail.com,worker
360,Nicoli,Morrill,Nicoli.Morrill@yopmail.com,Nicoli.Morrill@gmail.com,police officer
361,Roslyn,Ledah,Roslyn.Ledah@yopmail.com,Roslyn.Ledah@gmail.com,firefighter
362,Jessy,Donell,Jessy.Donell@yopmail.com,Jessy.Donell@gmail.com,doctor
363,Selma,Saree,Selma.Saree@yopmail.com,Selma.Saree@gmail.com,worker
364,Harmonia,Celestine,Harmonia.Celestine@yopmail.com,Harmonia.Celestine@gmail.com,doctor
365,Odessa,Yate,Odessa.Yate@yopmail.com,Odessa.Yate@gmail.com,firefighter
366,Libbie,Norrie,Libbie.Norrie@yopmail.com,Libbie.Norrie@gmail.com,developer
367,Therine,Brieta,Therine.Brieta@yopmail.com,Therine.Brieta@gmail.com,developer
368,Ingrid,Roche,Ingrid.Roche@yopmail.com,Ingrid.Roche@gmail.com,developer
369,Gwyneth,Casimir,Gwyneth.Casimir@yopmail.com,Gwyneth.Casimir@gmail.com,developer
370,Shannah,Harl,Shannah.Harl@yopmail.com,Shannah.Harl@gmail.com,worker
371,Dorthy,Bonucci,Dorthy.Bonucci@yopmail.com,Dorthy.Bonucci@gmail.com,firefighter
372,Wanda,Olnee,Wanda.Olnee@yopmail.com,Wanda.Olnee@gmail.com,police officer
373,Marnia,Kirstin,Marnia.Kirstin@yopmail.com,Marnia.Kirstin@gmail.com,developer
374,Liana,Trinetta,Liana.Trinetta@yopmail.com,Liana.Trinetta@gmail.com,worker
375,Kary,Raseda,Kary.Raseda@yopmail.com,Kary.Raseda@gmail.com,developer
376,Cathyleen,Seessel,Cathyleen.Seessel@yopmail.com,Cathyleen.Seessel@gmail.com,worker
377,Elbertina,Wolfgram,Elbertina.Wolfgram@yopmail.com,Elbertina.Wolfgram@gmail.com,police officer
378,Roxane,Pip,Roxane.Pip@yopmail.com,Roxane.Pip@gmail.com,doctor
379,Emilia,Junie,Emilia.Junie@yopmail.com,Emilia.Junie@gmail.com,doctor
380,Ricky,Burnside,Ricky.Burnside@yopmail.com,Ricky.Burnside@gmail.com,developer
381,Cristabel,Quinn,Cristabel.Quinn@yopmail.com,Cristabel.Quinn@gmail.com,worker
382,Gretal,Dichy,Gretal.Dichy@yopmail.com,Gretal.Dichy@gmail.com,police officer
383,Katharina,Dunkin,Katharina.Dunkin@yopmail.com,Katharina.Dunkin@gmail.com,doctor
384,Tracey,Muriel,Tracey.Muriel@yopmail.com,Tracey.Muriel@gmail.com,firefighter
385,Pollyanna,Kalinda,Pollyanna.Kalinda@yopmail.com,Pollyanna.Kalinda@gmail.com,worker
386,Elena,Jenness,Elena.Jenness@yopmail.com,Elena.Jenness@gmail.com,police officer
387,Cacilie,O'Neill,Cacilie.O'Neill@yopmail.com,Cacilie.O'Neill@gmail.com,police officer
388,Carolina,Anis,Carolina.Anis@yopmail.com,Carolina.Anis@gmail.com,firefighter
389,Genevra,Yerkovich,Genevra.Yerkovich@yopmail.com,Genevra.Yerkovich@gmail.com,worker
390,Maisey,Malina,Maisey.Malina@yopmail.com,Maisey.Malina@gmail.com,developer
391,Angela,Cristi,Angela.Cristi@yopmail.com,Angela.Cristi@gmail.com,doctor
392,Rosene,Leffen,Rosene.Leffen@yopmail.com,Rosene.Leffen@gmail.com,developer
393,Nanete,Aloise,Nanete.Aloise@yopmail.com,Nanete.Aloise@gmail.com,doctor
394,Carmencita,Colleen,Carmencita.Colleen@yopmail.com,Carmencita.Colleen@gmail.com,developer
395,Hollie,Longfellow,Hollie.Longfellow@yopmail.com,Hollie.Longfellow@gmail.com,firefighter
396,Viki,Borrell,Viki.Borrell@yopmail.com,Viki.Borrell@gmail.com,doctor
397,Marita,Hutchison,Marita.Hutchison@yopmail.com,Marita.Hutchison@gmail.com,worker
398,Leeanne,Zamora,Leeanne.Zamora@yopmail.com,Leeanne.Zamora@gmail.com,worker
399,Evaleen,Billye,Evaleen.Billye@yopmail.com,Evaleen.Billye@gmail.com,developer
400,Fina,Nahum,Fina.Nahum@yopmail.com,Fina.Nahum@gmail.com,worker
401,Anthia,Ailyn,Anthia.Ailyn@yopmail.com,Anthia.Ailyn@gmail.com,worker
402,Elbertina,Syd,Elbertina.Syd@yopmail.com,Elbertina.Syd@gmail.com,firefighter
403,Myriam,Suk,Myriam.Suk@yopmail.com,Myriam.Suk@gmail.com,doctor
404,Clementine,Kenney,Clementine.Kenney@yopmail.com,Clementine.Kenney@gmail.com,worker
405,Jillayne,Yorick,Jillayne.Yorick@yopmail.com,Jillayne.Yorick@gmail.com,doctor
406,Alleen,Solitta,Alleen.Solitta@yopmail.com,Alleen.Solitta@gmail.com,doctor
407,Cacilie,Esmaria,Cacilie.Esmaria@yopmail.com,Cacilie.Esmaria@gmail.com,developer
408,Jerry,Lymann,Jerry.Lymann@yopmail.com,Jerry.Lymann@gmail.com,developer
409,Jackie,Harned,Jackie.Harned@yopmail.com,Jackie.Harned@gmail.com,police officer
410,Larine,Reneta,Larine.Reneta@yopmail.com,Larine.Reneta@gmail.com,firefighter
411,Aimil,Gualtiero,Aimil.Gualtiero@yopmail.com,Aimil.Gualtiero@gmail.com,developer
412,Ginnie,Gemini,Ginnie.Gemini@yopmail.com,Ginnie.Gemini@gmail.com,police officer
413,Blake,An,Blake.An@yopmail.com,Blake.An@gmail.com,firefighter
414,Leia,Tybald,Leia.Tybald@yopmail.com,Leia.Tybald@gmail.com,worker
415,Wilma,Trinetta,Wilma.Trinetta@yopmail.com,Wilma.Trinetta@gmail.com,doctor
416,Claudina,Stelle,Claudina.Stelle@yopmail.com,Claudina.Stelle@gmail.com,developer
417,Brooks,Hortensia,Brooks.Hortensia@yopmail.com,Brooks.Hortensia@gmail.com,police officer
418,Nelle,Harned,Nelle.Harned@yopmail.com,Nelle.Harned@gmail.com,worker
419,Elka,Kiyoshi,Elka.Kiyoshi@yopmail.com,Elka.Kiyoshi@gmail.com,police officer
420,Kellen,Presber,Kellen.Presber@yopmail.com,Kellen.Presber@gmail.com,firefighter
421,Beth,Andrel,Beth.Andrel@yopmail.com,Beth.Andrel@gmail.com,doctor
422,Lynnea,Dahlia,Lynnea.Dahlia@yopmail.com,Lynnea.Dahlia@gmail.com,developer
423,Stevana,Teddman,Stevana.Teddman@yopmail.com,Stevana.Teddman@gmail.com,developer
424,Bobbi,Rooney,Bobbi.Rooney@yopmail.com,Bobbi.Rooney@gmail.com,worker
425,Carmela,McGrody,Carmela.McGrody@yopmail.com,Carmela.McGrody@gmail.com,firefighter
426,Florencia,Ade,Florencia.Ade@yopmail.com,Florencia.Ade@gmail.com,police officer
427,Leia,Delp,Leia.Delp@yopmail.com,Leia.Delp@gmail.com,developer
428,Pearline,Ambrosia,Pearline.Ambrosia@yopmail.com,Pearline.Ambrosia@gmail.com,firefighter
429,Jemie,Lytton,Jemie.Lytton@yopmail.com,Jemie.Lytton@gmail.com,doctor
430,Frieda,Berne,Frieda.Berne@yopmail.com,Frieda.Berne@gmail.com,police officer
431,Keelia,Suzetta,Keelia.Suzetta@yopmail.com,Keelia.Suzetta@gmail.com,police officer
432,Benita,Bertold,Benita.Bertold@yopmail.com,Benita.Bertold@gmail.com,firefighter
433,Minda,Roumell,Minda.Roumell@yopmail.com,Minda.Roumell@gmail.com,firefighter
434,Roz,Herrera,Roz.Herrera@yopmail.com,Roz.Herrera@gmail.com,police officer
435,Vivia,Idelia,Vivia.Idelia@yopmail.com,Vivia.Idelia@gmail.com,firefighter
436,Arlena,Suk,Arlena.Suk@yopmail.com,Arlena.Suk@gmail.com,police officer
437,Nannie,Cressida,Nannie.Cressida@yopmail.com,Nannie.Cressida@gmail.com,police officer
438,Evita,Prober,Evita.Prober@yopmail.com,Evita.Prober@gmail.com,firefighter
439,Candi,Koziara,Candi.Koziara@yopmail.com,Candi.Koziara@gmail.com,police officer
440,Dolli,Zenas,Dolli.Zenas@yopmail.com,Dolli.Zenas@gmail.com,police officer
441,Selia,Talia,Selia.Talia@yopmail.com,Selia.Talia@gmail.com,worker
442,Libbie,Dearborn,Libbie.Dearborn@yopmail.com,Libbie.Dearborn@gmail.com,doctor
443,Viki,Stelle,Viki.Stelle@yopmail.com,Viki.Stelle@gmail.com,worker
444,Florie,Monk,Florie.Monk@yopmail.com,Florie.Monk@gmail.com,worker
445,Elora,Letsou,Elora.Letsou@yopmail.com,Elora.Letsou@gmail.com,worker
446,Harrietta,Ehrman,Harrietta.Ehrman@yopmail.com,Harrietta.Ehrman@gmail.com,police officer
447,Sybille,Medrek,Sybille.Medrek@yopmail.com,Sybille.Medrek@gmail.com,worker
448,Layla,Henrie,Layla.Henrie@yopmail.com,Layla.Henrie@gmail.com,police officer
449,Dominga,Drisko,Dominga.Drisko@yopmail.com,Dominga.Drisko@gmail.com,police officer
450,Valeda,Hanshaw,Valeda.Hanshaw@yopmail.com,Valeda.Hanshaw@gmail.com,firefighter
451,Lexine,Beebe,Lexine.Beebe@yopmail.com,Lexine.Beebe@gmail.com,firefighter
452,Lory,Daniele,Lory.Daniele@yopmail.com,Lory.Daniele@gmail.com,firefighter
453,Kenna,Keily,Kenna.Keily@yopmail.com,Kenna.Keily@gmail.com,worker
454,Candi,Grayce,Candi.Grayce@yopmail.com,Candi.Grayce@gmail.com,worker
455,Dorice,Raychel,Dorice.Raychel@yopmail.com,Dorice.Raychel@gmail.com,developer
456,Delilah,Gino,Delilah.Gino@yopmail.com,Delilah.Gino@gmail.com,doctor
457,Jacenta,Joli,Jacenta.Joli@yopmail.com,Jacenta.Joli@gmail.com,developer
458,Raina,Tiffa,Raina.Tiffa@yopmail.com,Raina.Tiffa@gmail.com,worker
459,Elmira,Moina,Elmira.Moina@yopmail.com,Elmira.Moina@gmail.com,worker
460,Ethel,Shelba,Ethel.Shelba@yopmail.com,Ethel.Shelba@gmail.com,firefighter
461,Reeba,Heisel,Reeba.Heisel@yopmail.com,Reeba.Heisel@gmail.com,police officer
462,Joleen,Leler,Joleen.Leler@yopmail.com,Joleen.Leler@gmail.com,developer
463,Kamilah,Gaulin,Kamilah.Gaulin@yopmail.com,Kamilah.Gaulin@gmail.com,developer
464,Yvonne,Hieronymus,Yvonne.Hieronymus@yopmail.com,Yvonne.Hieronymus@gmail.com,worker
465,Kristan,Socha,Kristan.Socha@yopmail.com,Kristan.Socha@gmail.com,doctor
466,Bee,Drisko,Bee.Drisko@yopmail.com,Bee.Drisko@gmail.com,doctor
467,Beverley,Lunsford,Beverley.Lunsford@yopmail.com,Beverley.Lunsford@gmail.com,firefighter
468,Amelia,Howlyn,Amelia.Howlyn@yopmail.com,Amelia.Howlyn@gmail.com,developer
469,Lolita,Delp,Lolita.Delp@yopmail.com,Lolita.Delp@gmail.com,doctor
470,Bobinette,Yuille,Bobinette.Yuille@yopmail.com,Bobinette.Yuille@gmail.com,developer
471,Tina,Slifka,Tina.Slifka@yopmail.com,Tina.Slifka@gmail.com,firefighter
472,Audrie,Screens,Audrie.Screens@yopmail.com,Audrie.Screens@gmail.com,firefighter
473,Sophia,Rubie,Sophia.Rubie@yopmail.com,Sophia.Rubie@gmail.com,worker
474,Tomasina,Danby,Tomasina.Danby@yopmail.com,Tomasina.Danby@gmail.com,developer
475,Ebonee,Moseley,Ebonee.Moseley@yopmail.com,Ebonee.Moseley@gmail.com,firefighter
476,Margette,Flyn,Margette.Flyn@yopmail.com,Margette.Flyn@gmail.com,firefighter
477,Chrystel,Linskey,Chrystel.Linskey@yopmail.com,Chrystel.Linskey@gmail.com,developer
478,Cassandra,Kathie,Cassandra.Kathie@yopmail.com,Cassandra.Kathie@gmail.com,police officer
479,Caritta,Lemuela,Caritta.Lemuela@yopmail.com,Caritta.Lemuela@gmail.com,developer
480,Madalyn,Albertine,Madalyn.Albertine@yopmail.com,Madalyn.Albertine@gmail.com,doctor
481,Anthia,Emanuel,Anthia.Emanuel@yopmail.com,Anthia.Emanuel@gmail.com,firefighter
482,Corina,Norrie,Corina.Norrie@yopmail.com,Corina.Norrie@gmail.com,firefighter
483,Leanna,Penelopa,Leanna.Penelopa@yopmail.com,Leanna.Penelopa@gmail.com,developer
484,Liana,Goerke,Liana.Goerke@yopmail.com,Liana.Goerke@gmail.com,firefighter
485,Barbara,Forrer,Barbara.Forrer@yopmail.com,Barbara.Forrer@gmail.com,firefighter
486,Dulce,Eliathas,Dulce.Eliathas@yopmail.com,Dulce.Eliathas@gmail.com,worker
487,Minda,Brunell,Minda.Brunell@yopmail.com,Minda.Brunell@gmail.com,police officer
488,Angela,Parette,Angela.Parette@yopmail.com,Angela.Parette@gmail.com,police officer
489,Annabela,Trace,Annabela.Trace@yopmail.com,Annabela.Trace@gmail.com,developer
490,Fred,Ailyn,Fred.Ailyn@yopmail.com,Fred.Ailyn@gmail.com,firefighter
491,Ericka,Jacobah,Ericka.Jacobah@yopmail.com,Ericka.Jacobah@gmail.com,worker
492,Rosene,Gillan,Rosene.Gillan@yopmail.com,Rosene.Gillan@gmail.com,police officer
493,Rosanne,Autrey,Rosanne.Autrey@yopmail.com,Rosanne.Autrey@gmail.com,police officer
494,Eolanda,Hermes,Eolanda.Hermes@yopmail.com,Eolanda.Hermes@gmail.com,police officer
495,Cherrita,Haerr,Cherrita.Haerr@yopmail.com,Cherrita.Haerr@gmail.com,police officer
496,Kristan,Teryn,Kristan.Teryn@yopmail.com,Kristan.Teryn@gmail.com,firefighter
497,Miquela,Bashemeth,Miquela.Bashemeth@yopmail.com,Miquela.Bashemeth@gmail.com,police officer
498,Meg,Halla,Meg.Halla@yopmail.com,Meg.Halla@gmail.com,firefighter
499,Annabela,Candy,Annabela.Candy@yopmail.com,Annabela.Candy@gmail.com,police officer
500,Modestia,Carmena,Modestia.Carmena@yopmail.com,Modestia.Carmena@gmail.com,firefighter
501,Verla,Hollingsworth,Verla.Hollingsworth@yopmail.com,Verla.Hollingsworth@gmail.com,police officer
502,Eve,Ailyn,Eve.Ailyn@yopmail.com,Eve.Ailyn@gmail.com,doctor
503,June,Edvard,June.Edvard@yopmail.com,June.Edvard@gmail.com,firefighter
504,Philis,Raseda,Philis.Raseda@yopmail.com,Philis.Raseda@gmail.com,doctor
505,Sherrie,Xerxes,Sherrie.Xerxes@yopmail.com,Sherrie.Xerxes@gmail.com,firefighter
506,Fernande,Jerald,Fernande.Jerald@yopmail.com,Fernande.Jerald@gmail.com,firefighter
507,Grier,Hepsibah,Grier.Hepsibah@yopmail.com,Grier.Hepsibah@gmail.com,doctor
508,Lorie,Hebner,Lorie.Hebner@yopmail.com,Lorie.Hebner@gmail.com,firefighter
509,Maud,Reneta,Maud.Reneta@yopmail.com,Maud.Reneta@gmail.com,police officer
510,Rebeca,Claudine,Rebeca.Claudine@yopmail.com,Rebeca.Claudine@gmail.com,worker
511,Ilse,Earlie,Ilse.Earlie@yopmail.com,Ilse.Earlie@gmail.com,developer
512,Shirlee,Urias,Shirlee.Urias@yopmail.com,Shirlee.Urias@gmail.com,police officer
513,Oona,Barbey,Oona.Barbey@yopmail.com,Oona.Barbey@gmail.com,police officer
514,Carlie,Zina,Carlie.Zina@yopmail.com,Carlie.Zina@gmail.com,worker
515,Hollie,Shelba,Hollie.Shelba@yopmail.com,Hollie.Shelba@gmail.com,worker
516,Starla,Mandler,Starla.Mandler@yopmail.com,Starla.Mandler@gmail.com,developer
517,Benita,Tamsky,Benita.Tamsky@yopmail.com,Benita.Tamsky@gmail.com,firefighter
518,Lacie,Fitzsimmons,Lacie.Fitzsimmons@yopmail.com,Lacie.Fitzsimmons@gmail.com,police officer
519,Joelly,Gaal,Joelly.Gaal@yopmail.com,Joelly.Gaal@gmail.com,worker
520,Chastity,Durware,Chastity.Durware@yopmail.com,Chastity.Durware@gmail.com,developer
521,Raina,Secrest,Raina.Secrest@yopmail.com,Raina.Secrest@gmail.com,developer
522,Minne,Kinnard,Minne.Kinnard@yopmail.com,Minne.Kinnard@gmail.com,developer
523,Feliza,Joseph,Feliza.Joseph@yopmail.com,Feliza.Joseph@gmail.com,worker
524,Kara-Lynn,Berl,Kara-Lynn.Berl@yopmail.com,Kara-Lynn.Berl@gmail.com,developer
525,Tressa,Xerxes,Tressa.Xerxes@yopmail.com,Tressa.Xerxes@gmail.com,doctor
526,Valeda,Adore,Valeda.Adore@yopmail.com,Valeda.Adore@gmail.com,doctor
527,Kelly,Tjon,Kelly.Tjon@yopmail.com,Kelly.Tjon@gmail.com,firefighter
528,Korrie,Mike,Korrie.Mike@yopmail.com,Korrie.Mike@gmail.com,developer
529,Lorenza,Vorster,Lorenza.Vorster@yopmail.com,Lorenza.Vorster@gmail.com,doctor
530,Helena,Carleen,Helena.Carleen@yopmail.com,Helena.Carleen@gmail.com,developer
531,Glynnis,Malina,Glynnis.Malina@yopmail.com,Glynnis.Malina@gmail.com,developer
532,Roxane,Darrell,Roxane.Darrell@yopmail.com,Roxane.Darrell@gmail.com,firefighter
533,Vinita,Dyche,Vinita.Dyche@yopmail.com,Vinita.Dyche@gmail.com,police officer
534,Danika,Vorster,Danika.Vorster@yopmail.com,Danika.Vorster@gmail.com,firefighter
535,Nickie,Ciapas,Nickie.Ciapas@yopmail.com,Nickie.Ciapas@gmail.com,firefighter
536,Alie,Mathilde,Alie.Mathilde@yopmail.com,Alie.Mathilde@gmail.com,firefighter
537,Winny,Martsen,Winny.Martsen@yopmail.com,Winny.Martsen@gmail.com,police officer
538,Shirlee,Stelle,Shirlee.Stelle@yopmail.com,Shirlee.Stelle@gmail.com,developer
539,Rosaline,Munn,Rosaline.Munn@yopmail.com,Rosaline.Munn@gmail.com,firefighter
540,Courtnay,Atonsah,Courtnay.Atonsah@yopmail.com,Courtnay.Atonsah@gmail.com,police officer
541,Steffane,Kat,Steffane.Kat@yopmail.com,Steffane.Kat@gmail.com,developer
542,Taffy,Gabrielli,Taffy.Gabrielli@yopmail.com,Taffy.Gabrielli@gmail.com,doctor
543,Charmaine,Couture,Charmaine.Couture@yopmail.com,Charmaine.Couture@gmail.com,doctor
544,Lesly,Rozanna,Lesly.Rozanna@yopmail.com,Lesly.Rozanna@gmail.com,developer
545,Lizzie,Eachern,Lizzie.Eachern@yopmail.com,Lizzie.Eachern@gmail.com,firefighter
546,Stacey,Gualtiero,Stacey.Gualtiero@yopmail.com,Stacey.Gualtiero@gmail.com,firefighter
547,Ayn,Evvie,Ayn.Evvie@yopmail.com,Ayn.Evvie@gmail.com,doctor
548,Alyda,Joseph,Alyda.Joseph@yopmail.com,Alyda.Joseph@gmail.com,worker
549,Barbi,Docilla,Barbi.Docilla@yopmail.com,Barbi.Docilla@gmail.com,doctor
550,Kellen,Read,Kellen.Read@yopmail.com,Kellen.Read@gmail.com,worker
551,Leontine,Ries,Leontine.Ries@yopmail.com,Leontine.Ries@gmail.com,doctor
552,Henriette,Monaco,Henriette.Monaco@yopmail.com,Henriette.Monaco@gmail.com,firefighter
553,Britni,Klemperer,Britni.Klemperer@yopmail.com,Britni.Klemperer@gmail.com,doctor
554,Norine,Pacorro,Norine.Pacorro@yopmail.com,Norine.Pacorro@gmail.com,worker
555,Grier,Kendrick,Grier.Kendrick@yopmail.com,Grier.Kendrick@gmail.com,police officer
556,Madeleine,Lamoree,Madeleine.Lamoree@yopmail.com,Madeleine.Lamoree@gmail.com,doctor
557,Rebeca,Goddard,Rebeca.Goddard@yopmail.com,Rebeca.Goddard@gmail.com,firefighter
558,Sindee,Wilkinson,Sindee.Wilkinson@yopmail.com,Sindee.Wilkinson@gmail.com,developer
559,Edee,Socha,Edee.Socha@yopmail.com,Edee.Socha@gmail.com,police officer
560,Rhoda,Pettiford,Rhoda.Pettiford@yopmail.com,Rhoda.Pettiford@gmail.com,developer
561,Flo,Adrienne,Flo.Adrienne@yopmail.com,Flo.Adrienne@gmail.com,developer
562,Wynne,Trinetta,Wynne.Trinetta@yopmail.com,Wynne.Trinetta@gmail.com,doctor
563,Alleen,Dannye,Alleen.Dannye@yopmail.com,Alleen.Dannye@gmail.com,police officer
564,Rosabelle,Vale,Rosabelle.Vale@yopmail.com,Rosabelle.Vale@gmail.com,worker
565,Viviene,Hurley,Viviene.Hurley@yopmail.com,Viviene.Hurley@gmail.com,police officer
566,Alisha,Huggins,Alisha.Huggins@yopmail.com,Alisha.Huggins@gmail.com,developer
567,Delilah,Anselmi,Delilah.Anselmi@yopmail.com,Delilah.Anselmi@gmail.com,police officer
568,Marguerite,Grayce,Marguerite.Grayce@yopmail.com,Marguerite.Grayce@gmail.com,developer
569,Leeanne,Anestassia,Leeanne.Anestassia@yopmail.com,Leeanne.Anestassia@gmail.com,developer
570,Eadie,Standing,Eadie.Standing@yopmail.com,Eadie.Standing@gmail.com,worker
571,Briney,Ardeha,Briney.Ardeha@yopmail.com,Briney.Ardeha@gmail.com,worker
572,Perry,Phyllis,Perry.Phyllis@yopmail.com,Perry.Phyllis@gmail.com,developer
573,Micheline,Phyllis,Micheline.Phyllis@yopmail.com,Micheline.Phyllis@gmail.com,police officer
574,Sonni,Malanie,Sonni.Malanie@yopmail.com,Sonni.Malanie@gmail.com,worker
575,Gisela,Pip,Gisela.Pip@yopmail.com,Gisela.Pip@gmail.com,firefighter
576,Sharai,Elbertina,Sharai.Elbertina@yopmail.com,Sharai.Elbertina@gmail.com,doctor
577,Dorice,Brodench,Dorice.Brodench@yopmail.com,Dorice.Brodench@gmail.com,firefighter
578,Kerrin,Bethany,Kerrin.Bethany@yopmail.com,Kerrin.Bethany@gmail.com,firefighter
579,Dominga,Adamsen,Dominga.Adamsen@yopmail.com,Dominga.Adamsen@gmail.com,developer
580,Tera,Pip,Tera.Pip@yopmail.com,Tera.Pip@gmail.com,police officer
581,Deirdre,Rese,Deirdre.Rese@yopmail.com,Deirdre.Rese@gmail.com,worker
582,Berget,Docilla,Berget.Docilla@yopmail.com,Berget.Docilla@gmail.com,doctor
583,Taffy,Winnick,Taffy.Winnick@yopmail.com,Taffy.Winnick@gmail.com,developer
584,Amara,Prober,Amara.Prober@yopmail.com,Amara.Prober@gmail.com,worker
585,Aaren,Billye,Aaren.Billye@yopmail.com,Aaren.Billye@gmail.com,developer
586,Dolli,Rurik,Dolli.Rurik@yopmail.com,Dolli.Rurik@gmail.com,police officer
587,Marita,Pozzy,Marita.Pozzy@yopmail.com,Marita.Pozzy@gmail.com,worker
588,Hermione,Sheedy,Hermione.Sheedy@yopmail.com,Hermione.Sheedy@gmail.com,firefighter
589,Teriann,Eno,Teriann.Eno@yopmail.com,Teriann.Eno@gmail.com,worker
590,Feliza,Pulsifer,Feliza.Pulsifer@yopmail.com,Feliza.Pulsifer@gmail.com,worker
591,Hildegaard,Jenness,Hildegaard.Jenness@yopmail.com,Hildegaard.Jenness@gmail.com,worker
592,Nelle,Screens,Nelle.Screens@yopmail.com,Nelle.Screens@gmail.com,doctor
593,Atlanta,Lymann,Atlanta.Lymann@yopmail.com,Atlanta.Lymann@gmail.com,police officer
594,Augustine,Lail,Augustine.Lail@yopmail.com,Augustine.Lail@gmail.com,police officer
595,Sandie,Ahab,Sandie.Ahab@yopmail.com,Sandie.Ahab@gmail.com,developer
596,Darci,Urias,Darci.Urias@yopmail.com,Darci.Urias@gmail.com,developer
597,Jaclyn,Randene,Jaclyn.Randene@yopmail.com,Jaclyn.Randene@gmail.com,firefighter
598,Adriana,Havens,Adriana.Havens@yopmail.com,Adriana.Havens@gmail.com,worker
599,Arlena,Engdahl,Arlena.Engdahl@yopmail.com,Arlena.Engdahl@gmail.com,firefighter
600,Ariela,Dalli,Ariela.Dalli@yopmail.com,Ariela.Dalli@gmail.com,firefighter
601,Katleen,Forrer,Katleen.Forrer@yopmail.com,Katleen.Forrer@gmail.com,firefighter
602,Raquela,Kelula,Raquela.Kelula@yopmail.com,Raquela.Kelula@gmail.com,worker
603,Roz,Chick,Roz.Chick@yopmail.com,Roz.Chick@gmail.com,developer
604,Iseabal,Sikorski,Iseabal.Sikorski@yopmail.com,Iseabal.Sikorski@gmail.com,worker
605,Darlleen,Daniele,Darlleen.Daniele@yopmail.com,Darlleen.Daniele@gmail.com,worker
606,Ermengarde,Pond,Ermengarde.Pond@yopmail.com,Ermengarde.Pond@gmail.com,worker
607,Dorthy,Stanwood,Dorthy.Stanwood@yopmail.com,Dorthy.Stanwood@gmail.com,police officer
608,Lusa,Pond,Lusa.Pond@yopmail.com,Lusa.Pond@gmail.com,firefighter
609,Sallie,Janene,Sallie.Janene@yopmail.com,Sallie.Janene@gmail.com,police officer
610,Eugine,Berne,Eugine.Berne@yopmail.com,Eugine.Berne@gmail.com,developer
611,Beatriz,Raul,Beatriz.Raul@yopmail.com,Beatriz.Raul@gmail.com,developer
612,Donnie,McCutcheon,Donnie.McCutcheon@yopmail.com,Donnie.McCutcheon@gmail.com,police officer
613,Eve,Chabot,Eve.Chabot@yopmail.com,Eve.Chabot@gmail.com,doctor
614,Kathi,Stav,Kathi.Stav@yopmail.com,Kathi.Stav@gmail.com,firefighter
615,Kary,Wilkinson,Kary.Wilkinson@yopmail.com,Kary.Wilkinson@gmail.com,worker
616,Nita,Jess,Nita.Jess@yopmail.com,Nita.Jess@gmail.com,police officer
617,Augustine,Adalbert,Augustine.Adalbert@yopmail.com,Augustine.Adalbert@gmail.com,police officer
618,Jacquetta,Septima,Jacquetta.Septima@yopmail.com,Jacquetta.Septima@gmail.com,doctor
619,Dorothy,Rheingold,Dorothy.Rheingold@yopmail.com,Dorothy.Rheingold@gmail.com,police officer
620,Amara,Rese,Amara.Rese@yopmail.com,Amara.Rese@gmail.com,developer
621,Barbi,Ries,Barbi.Ries@yopmail.com,Barbi.Ries@gmail.com,police officer
622,Augustine,Kevon,Augustine.Kevon@yopmail.com,Augustine.Kevon@gmail.com,doctor
623,Di,Weide,Di.Weide@yopmail.com,Di.Weide@gmail.com,police officer
624,Susan,Odysseus,Susan.Odysseus@yopmail.com,Susan.Odysseus@gmail.com,worker
625,Bibby,Sibyls,Bibby.Sibyls@yopmail.com,Bibby.Sibyls@gmail.com,firefighter
626,Wynne,Sophronia,Wynne.Sophronia@yopmail.com,Wynne.Sophronia@gmail.com,firefighter
627,Linzy,Cutlerr,Linzy.Cutlerr@yopmail.com,Linzy.Cutlerr@gmail.com,developer
628,Letizia,Albertine,Letizia.Albertine@yopmail.com,Letizia.Albertine@gmail.com,doctor
629,Lulita,Salchunas,Lulita.Salchunas@yopmail.com,Lulita.Salchunas@gmail.com,worker
630,Ethel,Goerke,Ethel.Goerke@yopmail.com,Ethel.Goerke@gmail.com,worker
631,Ekaterina,Schalles,Ekaterina.Schalles@yopmail.com,Ekaterina.Schalles@gmail.com,firefighter
632,Allis,Demitria,Allis.Demitria@yopmail.com,Allis.Demitria@gmail.com,worker
633,Madelle,Fontana,Madelle.Fontana@yopmail.com,Madelle.Fontana@gmail.com,police officer
634,Shel,Kendrick,Shel.Kendrick@yopmail.com,Shel.Kendrick@gmail.com,developer
635,Dawn,Merna,Dawn.Merna@yopmail.com,Dawn.Merna@gmail.com,police officer
636,Debee,Warthman,Debee.Warthman@yopmail.com,Debee.Warthman@gmail.com,firefighter
637,Chere,Joli,Chere.Joli@yopmail.com,Chere.Joli@gmail.com,firefighter
638,Kristan,Ioab,Kristan.Ioab@yopmail.com,Kristan.Ioab@gmail.com,developer
639,Viki,Wallis,Viki.Wallis@yopmail.com,Viki.Wallis@gmail.com,worker
640,Daphne,Kauppi,Daphne.Kauppi@yopmail.com,Daphne.Kauppi@gmail.com,doctor
641,Dorene,Kat,Dorene.Kat@yopmail.com,Dorene.Kat@gmail.com,worker
642,Gloria,Baudin,Gloria.Baudin@yopmail.com,Gloria.Baudin@gmail.com,firefighter
643,Bibby,Dichy,Bibby.Dichy@yopmail.com,Bibby.Dichy@gmail.com,police officer
644,Bettine,Wilona,Bettine.Wilona@yopmail.com,Bettine.Wilona@gmail.com,firefighter
645,Christal,Wildermuth,Christal.Wildermuth@yopmail.com,Christal.Wildermuth@gmail.com,doctor
646,Corry,Neils,Corry.Neils@yopmail.com,Corry.Neils@gmail.com,doctor
647,Alameda,Codding,Alameda.Codding@yopmail.com,Alameda.Codding@gmail.com,firefighter
648,Cindelyn,Chesna,Cindelyn.Chesna@yopmail.com,Cindelyn.Chesna@gmail.com,doctor
649,Hollie,Boehike,Hollie.Boehike@yopmail.com,Hollie.Boehike@gmail.com,firefighter
650,Teriann,Linskey,Teriann.Linskey@yopmail.com,Teriann.Linskey@gmail.com,developer
651,Eadie,Paton,Eadie.Paton@yopmail.com,Eadie.Paton@gmail.com,firefighter
652,Morganica,Jess,Morganica.Jess@yopmail.com,Morganica.Jess@gmail.com,police officer
653,Bernardine,O'Neill,Bernardine.O'Neill@yopmail.com,Bernardine.O'Neill@gmail.com,police officer
654,Frieda,Smitt,Frieda.Smitt@yopmail.com,Frieda.Smitt@gmail.com,police officer
655,Ariela,Adrienne,Ariela.Adrienne@yopmail.com,Ariela.Adrienne@gmail.com,doctor
656,Ulrike,Ummersen,Ulrike.Ummersen@yopmail.com,Ulrike.Ummersen@gmail.com,police officer
657,Katuscha,Gamaliel,Katuscha.Gamaliel@yopmail.com,Katuscha.Gamaliel@gmail.com,doctor
658,Quintina,Hailee,Quintina.Hailee@yopmail.com,Quintina.Hailee@gmail.com,worker
659,Gusty,Persse,Gusty.Persse@yopmail.com,Gusty.Persse@gmail.com,police officer
660,Margette,Friede,Margette.Friede@yopmail.com,Margette.Friede@gmail.com,police officer
661,Grier,Ventre,Grier.Ventre@yopmail.com,Grier.Ventre@gmail.com,firefighter
662,Corly,Faro,Corly.Faro@yopmail.com,Corly.Faro@gmail.com,worker
663,Jenda,Rillings,Jenda.Rillings@yopmail.com,Jenda.Rillings@gmail.com,firefighter
664,Daune,Alejoa,Daune.Alejoa@yopmail.com,Daune.Alejoa@gmail.com,firefighter
665,Drucie,Lanita,Drucie.Lanita@yopmail.com,Drucie.Lanita@gmail.com,firefighter
666,Aaren,Nance,Aaren.Nance@yopmail.com,Aaren.Nance@gmail.com,firefighter
667,Jacquetta,Ursulette,Jacquetta.Ursulette@yopmail.com,Jacquetta.Ursulette@gmail.com,doctor
668,Kary,Lauraine,Kary.Lauraine@yopmail.com,Kary.Lauraine@gmail.com,firefighter
669,Tersina,Tyson,Tersina.Tyson@yopmail.com,Tersina.Tyson@gmail.com,developer
670,Ottilie,Gilbertson,Ottilie.Gilbertson@yopmail.com,Ottilie.Gilbertson@gmail.com,firefighter
671,Shel,Ambrosia,Shel.Ambrosia@yopmail.com,Shel.Ambrosia@gmail.com,police officer
672,Christian,Gwenore,Christian.Gwenore@yopmail.com,Christian.Gwenore@gmail.com,worker
673,Britni,Smitt,Britni.Smitt@yopmail.com,Britni.Smitt@gmail.com,police officer
674,Ethel,Evvie,Ethel.Evvie@yopmail.com,Ethel.Evvie@gmail.com,developer
675,Deedee,Sigfrid,Deedee.Sigfrid@yopmail.com,Deedee.Sigfrid@gmail.com,firefighter
676,Letizia,Rona,Letizia.Rona@yopmail.com,Letizia.Rona@gmail.com,doctor
677,Neila,Roumell,Neila.Roumell@yopmail.com,Neila.Roumell@gmail.com,developer
678,Gabi,Wandie,Gabi.Wandie@yopmail.com,Gabi.Wandie@gmail.com,worker
679,Florencia,Ellord,Florencia.Ellord@yopmail.com,Florencia.Ellord@gmail.com,police officer
680,Livvyy,Charity,Livvyy.Charity@yopmail.com,Livvyy.Charity@gmail.com,firefighter
681,Lucy,Leifeste,Lucy.Leifeste@yopmail.com,Lucy.Leifeste@gmail.com,doctor
682,Malina,Cloris,Malina.Cloris@yopmail.com,Malina.Cloris@gmail.com,police officer
683,Madeleine,Peonir,Madeleine.Peonir@yopmail.com,Madeleine.Peonir@gmail.com,developer
684,Layla,Guthrie,Layla.Guthrie@yopmail.com,Layla.Guthrie@gmail.com,firefighter
685,Tybie,Soneson,Tybie.Soneson@yopmail.com,Tybie.Soneson@gmail.com,doctor
686,Lorie,McNully,Lorie.McNully@yopmail.com,Lorie.McNully@gmail.com,doctor
687,Aeriela,Fancie,Aeriela.Fancie@yopmail.com,Aeriela.Fancie@gmail.com,developer
688,Cyb,Sikorski,Cyb.Sikorski@yopmail.com,Cyb.Sikorski@gmail.com,firefighter
689,Harmonia,Gerge,Harmonia.Gerge@yopmail.com,Harmonia.Gerge@gmail.com,police officer
690,Ariela,Linehan,Ariela.Linehan@yopmail.com,Ariela.Linehan@gmail.com,police officer
691,Cyndie,Weitman,Cyndie.Weitman@yopmail.com,Cyndie.Weitman@gmail.com,developer
692,Lyssa,Henrie,Lyssa.Henrie@yopmail.com,Lyssa.Henrie@gmail.com,developer
693,Ricky,Behre,Ricky.Behre@yopmail.com,Ricky.Behre@gmail.com,worker
694,Cathyleen,Durante,Cathyleen.Durante@yopmail.com,Cathyleen.Durante@gmail.com,developer
695,Angela,Johanna,Angela.Johanna@yopmail.com,Angela.Johanna@gmail.com,developer
696,Briney,Weide,Briney.Weide@yopmail.com,Briney.Weide@gmail.com,developer
697,Bill,Dannye,Bill.Dannye@yopmail.com,Bill.Dannye@gmail.com,firefighter
698,Marcelline,Sparhawk,Marcelline.Sparhawk@yopmail.com,Marcelline.Sparhawk@gmail.com,developer
699,Ira,Claudine,Ira.Claudine@yopmail.com,Ira.Claudine@gmail.com,developer
700,Joleen,Ulphia,Joleen.Ulphia@yopmail.com,Joleen.Ulphia@gmail.com,worker
701,Elbertina,Callista,Elbertina.Callista@yopmail.com,Elbertina.Callista@gmail.com,developer
702,Nikki,Vernier,Nikki.Vernier@yopmail.com,Nikki.Vernier@gmail.com,doctor
703,Valli,Turne,Valli.Turne@yopmail.com,Valli.Turne@gmail.com,police officer
704,Rebeca,Aida,Rebeca.Aida@yopmail.com,Rebeca.Aida@gmail.com,worker
705,Kirbee,Joseph,Kirbee.Joseph@yopmail.com,Kirbee.Joseph@gmail.com,worker
706,Cathyleen,Strephon,Cathyleen.Strephon@yopmail.com,Cathyleen.Strephon@gmail.com,worker
707,Berget,Nahum,Berget.Nahum@yopmail.com,Berget.Nahum@gmail.com,doctor
708,Belinda,Raychel,Belinda.Raychel@yopmail.com,Belinda.Raychel@gmail.com,firefighter
709,Danny,Jalbert,Danny.Jalbert@yopmail.com,Danny.Jalbert@gmail.com,police officer
710,Nessie,Emerson,Nessie.Emerson@yopmail.com,Nessie.Emerson@gmail.com,doctor
711,Kimberley,Ruvolo,Kimberley.Ruvolo@yopmail.com,Kimberley.Ruvolo@gmail.com,police officer
712,Miquela,Edison,Miquela.Edison@yopmail.com,Miquela.Edison@gmail.com,developer
713,Desirae,Phaidra,Desirae.Phaidra@yopmail.com,Desirae.Phaidra@gmail.com,developer
714,Bobinette,Craggie,Bobinette.Craggie@yopmail.com,Bobinette.Craggie@gmail.com,developer
715,Yetty,Hertzfeld,Yetty.Hertzfeld@yopmail.com,Yetty.Hertzfeld@gmail.com,firefighter
716,Elena,Neils,Elena.Neils@yopmail.com,Elena.Neils@gmail.com,police officer
717,Neila,Connelly,Neila.Connelly@yopmail.com,Neila.Connelly@gmail.com,doctor
718,Trudie,Suk,Trudie.Suk@yopmail.com,Trudie.Suk@gmail.com,firefighter
719,Correy,Amasa,Correy.Amasa@yopmail.com,Correy.Amasa@gmail.com,police officer
720,Layla,Alrich,Layla.Alrich@yopmail.com,Layla.Alrich@gmail.com,doctor
721,Ivett,Karylin,Ivett.Karylin@yopmail.com,Ivett.Karylin@gmail.com,police officer
722,Dianemarie,Hathaway,Dianemarie.Hathaway@yopmail.com,Dianemarie.Hathaway@gmail.com,developer
723,Jenilee,Haerr,Jenilee.Haerr@yopmail.com,Jenilee.Haerr@gmail.com,worker
724,Cassondra,Newell,Cassondra.Newell@yopmail.com,Cassondra.Newell@gmail.com,firefighter
725,Mara,Maisey,Mara.Maisey@yopmail.com,Mara.Maisey@gmail.com,firefighter
726,Jobi,Goldina,Jobi.Goldina@yopmail.com,Jobi.Goldina@gmail.com,firefighter
727,Ottilie,Modie,Ottilie.Modie@yopmail.com,Ottilie.Modie@gmail.com,developer
728,Marika,Hewitt,Marika.Hewitt@yopmail.com,Marika.Hewitt@gmail.com,police officer
729,Leia,Gladstone,Leia.Gladstone@yopmail.com,Leia.Gladstone@gmail.com,worker
730,Anestassia,Nickola,Anestassia.Nickola@yopmail.com,Anestassia.Nickola@gmail.com,developer
731,Aryn,Jess,Aryn.Jess@yopmail.com,Aryn.Jess@gmail.com,firefighter
732,Dianemarie,Phi,Dianemarie.Phi@yopmail.com,Dianemarie.Phi@gmail.com,firefighter
733,Christal,Cornelia,Christal.Cornelia@yopmail.com,Christal.Cornelia@gmail.com,doctor
734,Chloris,Astra,Chloris.Astra@yopmail.com,Chloris.Astra@gmail.com,police officer
735,Aaren,Cath,Aaren.Cath@yopmail.com,Aaren.Cath@gmail.com,worker
736,Sherrie,Francene,Sherrie.Francene@yopmail.com,Sherrie.Francene@gmail.com,firefighter
737,Gilda,Maxi,Gilda.Maxi@yopmail.com,Gilda.Maxi@gmail.com,worker
738,Addia,Land,Addia.Land@yopmail.com,Addia.Land@gmail.com,developer
739,Hildegaard,Valoniah,Hildegaard.Valoniah@yopmail.com,Hildegaard.Valoniah@gmail.com,police officer
740,Janeczka,Ephrem,Janeczka.Ephrem@yopmail.com,Janeczka.Ephrem@gmail.com,police officer
741,Rebeca,Amand,Rebeca.Amand@yopmail.com,Rebeca.Amand@gmail.com,firefighter
742,Alleen,Kravits,Alleen.Kravits@yopmail.com,Alleen.Kravits@gmail.com,doctor
743,Rori,Poppy,Rori.Poppy@yopmail.com,Rori.Poppy@gmail.com,doctor
744,Layla,Bandeen,Layla.Bandeen@yopmail.com,Layla.Bandeen@gmail.com,firefighter
745,Nikki,Esmaria,Nikki.Esmaria@yopmail.com,Nikki.Esmaria@gmail.com,doctor
746,Rhea,Old,Rhea.Old@yopmail.com,Rhea.Old@gmail.com,firefighter
747,Dede,Warthman,Dede.Warthman@yopmail.com,Dede.Warthman@gmail.com,police officer
748,Nataline,Olnee,Nataline.Olnee@yopmail.com,Nataline.Olnee@gmail.com,firefighter
749,Helsa,Fredi,Helsa.Fredi@yopmail.com,Helsa.Fredi@gmail.com,firefighter
750,Kathy,Olympium,Kathy.Olympium@yopmail.com,Kathy.Olympium@gmail.com,worker
751,Donetta,Stuart,Donetta.Stuart@yopmail.com,Donetta.Stuart@gmail.com,developer
752,Briney,Tound,Briney.Tound@yopmail.com,Briney.Tound@gmail.com,doctor
753,Dorthy,Bultman,Dorthy.Bultman@yopmail.com,Dorthy.Bultman@gmail.com,firefighter
754,Allyce,Seumas,Allyce.Seumas@yopmail.com,Allyce.Seumas@gmail.com,doctor
755,Belinda,Telfer,Belinda.Telfer@yopmail.com,Belinda.Telfer@gmail.com,worker
756,Lanna,Byrne,Lanna.Byrne@yopmail.com,Lanna.Byrne@gmail.com,police officer
757,Damaris,Rad,Damaris.Rad@yopmail.com,Damaris.Rad@gmail.com,developer
758,Sonni,Read,Sonni.Read@yopmail.com,Sonni.Read@gmail.com,police officer
759,Pierette,Ovid,Pierette.Ovid@yopmail.com,Pierette.Ovid@gmail.com,doctor
760,Gwenneth,Klotz,Gwenneth.Klotz@yopmail.com,Gwenneth.Klotz@gmail.com,developer
761,Albertina,Sidonius,Albertina.Sidonius@yopmail.com,Albertina.Sidonius@gmail.com,doctor
762,Raquela,Santoro,Raquela.Santoro@yopmail.com,Raquela.Santoro@gmail.com,firefighter
763,Winny,Kaete,Winny.Kaete@yopmail.com,Winny.Kaete@gmail.com,police officer
764,Wanda,Pip,Wanda.Pip@yopmail.com,Wanda.Pip@gmail.com,worker
765,Wynne,Obed,Wynne.Obed@yopmail.com,Wynne.Obed@gmail.com,firefighter
766,Babita,Croix,Babita.Croix@yopmail.com,Babita.Croix@gmail.com,doctor
767,Bill,Amethist,Bill.Amethist@yopmail.com,Bill.Amethist@gmail.com,worker
768,Tierney,Cookie,Tierney.Cookie@yopmail.com,Tierney.Cookie@gmail.com,doctor
769,Mady,Claudine,Mady.Claudine@yopmail.com,Mady.Claudine@gmail.com,doctor
770,Neila,Shaddock,Neila.Shaddock@yopmail.com,Neila.Shaddock@gmail.com,firefighter
771,Kirbee,Jacobah,Kirbee.Jacobah@yopmail.com,Kirbee.Jacobah@gmail.com,doctor
772,Esmeralda,Klotz,Esmeralda.Klotz@yopmail.com,Esmeralda.Klotz@gmail.com,developer
773,Tilly,Robertson,Tilly.Robertson@yopmail.com,Tilly.Robertson@gmail.com,firefighter
774,Valera,Shanley,Valera.Shanley@yopmail.com,Valera.Shanley@gmail.com,doctor
775,Ernesta,My,Ernesta.My@yopmail.com,Ernesta.My@gmail.com,police officer
776,Frieda,Winnick,Frieda.Winnick@yopmail.com,Frieda.Winnick@gmail.com,worker
777,Hayley,Ciro,Hayley.Ciro@yopmail.com,Hayley.Ciro@gmail.com,police officer
778,Raf,Holbrook,Raf.Holbrook@yopmail.com,Raf.Holbrook@gmail.com,worker
779,Elfreda,O'Rourke,Elfreda.O'Rourke@yopmail.com,Elfreda.O'Rourke@gmail.com,firefighter
780,Maud,Rocray,Maud.Rocray@yopmail.com,Maud.Rocray@gmail.com,police officer
781,Bernardine,Chinua,Bernardine.Chinua@yopmail.com,Bernardine.Chinua@gmail.com,police officer
782,Rhoda,Allys,Rhoda.Allys@yopmail.com,Rhoda.Allys@gmail.com,police officer
783,Emilia,Diogenes,Emilia.Diogenes@yopmail.com,Emilia.Diogenes@gmail.com,doctor
784,Dominga,Gaynor,Dominga.Gaynor@yopmail.com,Dominga.Gaynor@gmail.com,developer
785,Jorry,Craggie,Jorry.Craggie@yopmail.com,Jorry.Craggie@gmail.com,firefighter
786,Selia,Neva,Selia.Neva@yopmail.com,Selia.Neva@gmail.com,doctor
787,Jsandye,Esmaria,Jsandye.Esmaria@yopmail.com,Jsandye.Esmaria@gmail.com,worker
788,Lacie,Wattenberg,Lacie.Wattenberg@yopmail.com,Lacie.Wattenberg@gmail.com,developer
789,Joy,Obed,Joy.Obed@yopmail.com,Joy.Obed@gmail.com,developer
790,Sophia,Nadia,Sophia.Nadia@yopmail.com,Sophia.Nadia@gmail.com,worker
791,Nessie,Dyche,Nessie.Dyche@yopmail.com,Nessie.Dyche@gmail.com,police officer
792,Gloria,Thar,Gloria.Thar@yopmail.com,Gloria.Thar@gmail.com,worker
793,Henriette,Stoller,Henriette.Stoller@yopmail.com,Henriette.Stoller@gmail.com,police officer
794,Elvira,Adamsen,Elvira.Adamsen@yopmail.com,Elvira.Adamsen@gmail.com,doctor
795,Sissy,Mitzi,Sissy.Mitzi@yopmail.com,Sissy.Mitzi@gmail.com,worker
796,Kaja,Mintz,Kaja.Mintz@yopmail.com,Kaja.Mintz@gmail.com,worker
797,Livvyy,Harday,Livvyy.Harday@yopmail.com,Livvyy.Harday@gmail.com,doctor
798,Teddie,Bonilla,Teddie.Bonilla@yopmail.com,Teddie.Bonilla@gmail.com,worker
799,Gusty,Latini,Gusty.Latini@yopmail.com,Gusty.Latini@gmail.com,police officer
800,Cam,Abbot,Cam.Abbot@yopmail.com,Cam.Abbot@gmail.com,worker
801,Celestyna,Middleton,Celestyna.Middleton@yopmail.com,Celestyna.Middleton@gmail.com,worker
802,Carmencita,Zachary,Carmencita.Zachary@yopmail.com,Carmencita.Zachary@gmail.com,police officer
803,Georgetta,Schonfeld,Georgetta.Schonfeld@yopmail.com,Georgetta.Schonfeld@gmail.com,developer
804,Fernande,Swanhildas,Fernande.Swanhildas@yopmail.com,Fernande.Swanhildas@gmail.com,developer
805,Libbie,Yusuk,Libbie.Yusuk@yopmail.com,Libbie.Yusuk@gmail.com,police officer
806,Susan,Ardra,Susan.Ardra@yopmail.com,Susan.Ardra@gmail.com,police officer
807,Lucille,Frodi,Lucille.Frodi@yopmail.com,Lucille.Frodi@gmail.com,police officer
808,Averyl,Kat,Averyl.Kat@yopmail.com,Averyl.Kat@gmail.com,worker
809,Marnia,Odysseus,Marnia.Odysseus@yopmail.com,Marnia.Odysseus@gmail.com,worker
810,Calla,Merat,Calla.Merat@yopmail.com,Calla.Merat@gmail.com,worker
811,Brandise,Muriel,Brandise.Muriel@yopmail.com,Brandise.Muriel@gmail.com,developer
812,Cecile,Gusella,Cecile.Gusella@yopmail.com,Cecile.Gusella@gmail.com,developer
813,Jere,Ball,Jere.Ball@yopmail.com,Jere.Ball@gmail.com,police officer
814,Winny,Seligman,Winny.Seligman@yopmail.com,Winny.Seligman@gmail.com,firefighter
815,Gwenneth,Grimbly,Gwenneth.Grimbly@yopmail.com,Gwenneth.Grimbly@gmail.com,developer
816,Feliza,Shields,Feliza.Shields@yopmail.com,Feliza.Shields@gmail.com,firefighter
817,Rivalee,Gaspard,Rivalee.Gaspard@yopmail.com,Rivalee.Gaspard@gmail.com,doctor
818,Oralee,Dyche,Oralee.Dyche@yopmail.com,Oralee.Dyche@gmail.com,firefighter
819,Esmeralda,Shanley,Esmeralda.Shanley@yopmail.com,Esmeralda.Shanley@gmail.com,firefighter
820,Angela,Chinua,Angela.Chinua@yopmail.com,Angela.Chinua@gmail.com,firefighter
821,Codie,Malanie,Codie.Malanie@yopmail.com,Codie.Malanie@gmail.com,worker
822,Renie,Rustice,Renie.Rustice@yopmail.com,Renie.Rustice@gmail.com,doctor
823,Molli,Gualtiero,Molli.Gualtiero@yopmail.com,Molli.Gualtiero@gmail.com,worker
824,Stephanie,Presber,Stephanie.Presber@yopmail.com,Stephanie.Presber@gmail.com,firefighter
825,Laurene,Doig,Laurene.Doig@yopmail.com,Laurene.Doig@gmail.com,worker
826,Jacquetta,Gombach,Jacquetta.Gombach@yopmail.com,Jacquetta.Gombach@gmail.com,doctor
827,Claudina,Juan,Claudina.Juan@yopmail.com,Claudina.Juan@gmail.com,developer
828,Melina,Susannah,Melina.Susannah@yopmail.com,Melina.Susannah@gmail.com,firefighter
829,Desirae,Blake,Desirae.Blake@yopmail.com,Desirae.Blake@gmail.com,police officer
830,Alia,Timon,Alia.Timon@yopmail.com,Alia.Timon@gmail.com,developer
831,Cassandra,Aprile,Cassandra.Aprile@yopmail.com,Cassandra.Aprile@gmail.com,doctor
832,Brooks,Mike,Brooks.Mike@yopmail.com,Brooks.Mike@gmail.com,police officer
833,Ermengarde,Gamaliel,Ermengarde.Gamaliel@yopmail.com,Ermengarde.Gamaliel@gmail.com,worker
834,Riannon,Wilona,Riannon.Wilona@yopmail.com,Riannon.Wilona@gmail.com,doctor
835,Glenda,Sallyann,Glenda.Sallyann@yopmail.com,Glenda.Sallyann@gmail.com,police officer
836,Melanie,Eno,Melanie.Eno@yopmail.com,Melanie.Eno@gmail.com,firefighter
837,Hannis,Aaberg,Hannis.Aaberg@yopmail.com,Hannis.Aaberg@gmail.com,police officer
838,Bibby,Kosey,Bibby.Kosey@yopmail.com,Bibby.Kosey@gmail.com,developer
839,Marika,Pierette,Marika.Pierette@yopmail.com,Marika.Pierette@gmail.com,worker
840,Imojean,Wandie,Imojean.Wandie@yopmail.com,Imojean.Wandie@gmail.com,worker
841,Riannon,Minetta,Riannon.Minetta@yopmail.com,Riannon.Minetta@gmail.com,police officer
842,Almeta,Miru,Almeta.Miru@yopmail.com,Almeta.Miru@gmail.com,worker
843,Tabbatha,Eiser,Tabbatha.Eiser@yopmail.com,Tabbatha.Eiser@gmail.com,worker
844,Bettine,Vastah,Bettine.Vastah@yopmail.com,Bettine.Vastah@gmail.com,worker
845,Janenna,Korey,Janenna.Korey@yopmail.com,Janenna.Korey@gmail.com,developer
846,Marsiella,McGrody,Marsiella.McGrody@yopmail.com,Marsiella.McGrody@gmail.com,developer
847,Valeda,Arathorn,Valeda.Arathorn@yopmail.com,Valeda.Arathorn@gmail.com,police officer
848,Claresta,Horan,Claresta.Horan@yopmail.com,Claresta.Horan@gmail.com,doctor
849,Gavrielle,Aurelio,Gavrielle.Aurelio@yopmail.com,Gavrielle.Aurelio@gmail.com,doctor
850,Carly,Arathorn,Carly.Arathorn@yopmail.com,Carly.Arathorn@gmail.com,police officer
851,Emylee,Ajay,Emylee.Ajay@yopmail.com,Emylee.Ajay@gmail.com,worker
852,Evita,Sinegold,Evita.Sinegold@yopmail.com,Evita.Sinegold@gmail.com,doctor
853,Frank,Bahr,Frank.Bahr@yopmail.com,Frank.Bahr@gmail.com,doctor
854,Jerry,Dahlia,Jerry.Dahlia@yopmail.com,Jerry.Dahlia@gmail.com,firefighter
855,Chickie,Agle,Chickie.Agle@yopmail.com,Chickie.Agle@gmail.com,developer
856,Celestyna,Rurik,Celestyna.Rurik@yopmail.com,Celestyna.Rurik@gmail.com,worker
857,Elbertina,Sammons,Elbertina.Sammons@yopmail.com,Elbertina.Sammons@gmail.com,doctor
858,Tracey,Ralfston,Tracey.Ralfston@yopmail.com,Tracey.Ralfston@gmail.com,firefighter
859,Nikki,Ciro,Nikki.Ciro@yopmail.com,Nikki.Ciro@gmail.com,developer
860,Laurene,Trace,Laurene.Trace@yopmail.com,Laurene.Trace@gmail.com,police officer
861,Ada,Gaynor,Ada.Gaynor@yopmail.com,Ada.Gaynor@gmail.com,doctor
862,Brandise,Cutlerr,Brandise.Cutlerr@yopmail.com,Brandise.Cutlerr@gmail.com,firefighter
863,Nonnah,Uird,Nonnah.Uird@yopmail.com,Nonnah.Uird@gmail.com,developer
864,Raf,Loring,Raf.Loring@yopmail.com,Raf.Loring@gmail.com,police officer
865,Mathilda,Maisey,Mathilda.Maisey@yopmail.com,Mathilda.Maisey@gmail.com,police officer
866,Linzy,Lalitta,Linzy.Lalitta@yopmail.com,Linzy.Lalitta@gmail.com,developer
867,Miquela,Read,Miquela.Read@yopmail.com,Miquela.Read@gmail.com,developer
868,Perry,Crudden,Perry.Crudden@yopmail.com,Perry.Crudden@gmail.com,worker
869,Henriette,Caitlin,Henriette.Caitlin@yopmail.com,Henriette.Caitlin@gmail.com,police officer
870,Correy,Fancie,Correy.Fancie@yopmail.com,Correy.Fancie@gmail.com,firefighter
871,Netty,Cynar,Netty.Cynar@yopmail.com,Netty.Cynar@gmail.com,doctor
872,Di,Iiette,Di.Iiette@yopmail.com,Di.Iiette@gmail.com,doctor
873,Jean,Cohdwell,Jean.Cohdwell@yopmail.com,Jean.Cohdwell@gmail.com,police officer
874,Elvira,Whiffen,Elvira.Whiffen@yopmail.com,Elvira.Whiffen@gmail.com,police officer
875,Dale,Arquit,Dale.Arquit@yopmail.com,Dale.Arquit@gmail.com,firefighter
876,Joy,Pillsbury,Joy.Pillsbury@yopmail.com,Joy.Pillsbury@gmail.com,police officer
877,Ellette,Kiyoshi,Ellette.Kiyoshi@yopmail.com,Ellette.Kiyoshi@gmail.com,police officer
878,Deedee,Bryna,Deedee.Bryna@yopmail.com,Deedee.Bryna@gmail.com,police officer
879,Linet,Keelia,Linet.Keelia@yopmail.com,Linet.Keelia@gmail.com,doctor
880,Tani,Thomasina,Tani.Thomasina@yopmail.com,Tani.Thomasina@gmail.com,police officer
881,Adele,Casimir,Adele.Casimir@yopmail.com,Adele.Casimir@gmail.com,worker
882,Carmencita,Gherardo,Carmencita.Gherardo@yopmail.com,Carmencita.Gherardo@gmail.com,worker
883,Beatriz,McCutcheon,Beatriz.McCutcheon@yopmail.com,Beatriz.McCutcheon@gmail.com,worker
884,Amelia,Sigfrid,Amelia.Sigfrid@yopmail.com,Amelia.Sigfrid@gmail.com,firefighter
885,Libbie,Mich,Libbie.Mich@yopmail.com,Libbie.Mich@gmail.com,firefighter
886,Dorice,Glovsky,Dorice.Glovsky@yopmail.com,Dorice.Glovsky@gmail.com,worker
887,Hettie,McAdams,Hettie.McAdams@yopmail.com,Hettie.McAdams@gmail.com,developer
888,Barbara,Ilka,Barbara.Ilka@yopmail.com,Barbara.Ilka@gmail.com,firefighter
889,Bee,Olympium,Bee.Olympium@yopmail.com,Bee.Olympium@gmail.com,police officer
890,Emylee,Dimitris,Emylee.Dimitris@yopmail.com,Emylee.Dimitris@gmail.com,doctor
891,Marti,Bonilla,Marti.Bonilla@yopmail.com,Marti.Bonilla@gmail.com,developer
892,Rori,Arathorn,Rori.Arathorn@yopmail.com,Rori.Arathorn@gmail.com,doctor
893,Rosabelle,Ummersen,Rosabelle.Ummersen@yopmail.com,Rosabelle.Ummersen@gmail.com,police officer
894,Mellicent,Hoenack,Mellicent.Hoenack@yopmail.com,Mellicent.Hoenack@gmail.com,worker
895,Britte,Emanuel,Britte.Emanuel@yopmail.com,Britte.Emanuel@gmail.com,developer
896,Corry,Rebecka,Corry.Rebecka@yopmail.com,Corry.Rebecka@gmail.com,firefighter
897,Kaja,Weide,Kaja.Weide@yopmail.com,Kaja.Weide@gmail.com,firefighter
898,Carilyn,Alejoa,Carilyn.Alejoa@yopmail.com,Carilyn.Alejoa@gmail.com,developer
899,Emylee,Sophronia,Emylee.Sophronia@yopmail.com,Emylee.Sophronia@gmail.com,developer
900,Gabi,Vittoria,Gabi.Vittoria@yopmail.com,Gabi.Vittoria@gmail.com,developer
901,Suzette,Gladstone,Suzette.Gladstone@yopmail.com,Suzette.Gladstone@gmail.com,doctor
902,Mireielle,Grayce,Mireielle.Grayce@yopmail.com,Mireielle.Grayce@gmail.com,police officer
903,Alia,Oscar,Alia.Oscar@yopmail.com,Alia.Oscar@gmail.com,firefighter
904,Kristan,Munn,Kristan.Munn@yopmail.com,Kristan.Munn@gmail.com,firefighter
905,Doralynne,Shields,Doralynne.Shields@yopmail.com,Doralynne.Shields@gmail.com,firefighter
906,Bee,Presber,Bee.Presber@yopmail.com,Bee.Presber@gmail.com,doctor
907,Shell,Adore,Shell.Adore@yopmail.com,Shell.Adore@gmail.com,developer
908,Paule,Nisbet,Paule.Nisbet@yopmail.com,Paule.Nisbet@gmail.com,firefighter
909,Cacilie,Mitzi,Cacilie.Mitzi@yopmail.com,Cacilie.Mitzi@gmail.com,firefighter
910,Deedee,Sothena,Deedee.Sothena@yopmail.com,Deedee.Sothena@gmail.com,police officer
911,Audrie,Beebe,Audrie.Beebe@yopmail.com,Audrie.Beebe@gmail.com,worker
912,Delilah,Lory,Delilah.Lory@yopmail.com,Delilah.Lory@gmail.com,doctor
913,Deane,Seligman,Deane.Seligman@yopmail.com,Deane.Seligman@gmail.com,doctor
914,Kary,Ball,Kary.Ball@yopmail.com,Kary.Ball@gmail.com,doctor
915,Riannon,Clarissa,Riannon.Clarissa@yopmail.com,Riannon.Clarissa@gmail.com,police officer
916,Rozele,Gavrila,Rozele.Gavrila@yopmail.com,Rozele.Gavrila@gmail.com,worker
917,Joeann,Cornelia,Joeann.Cornelia@yopmail.com,Joeann.Cornelia@gmail.com,police officer
918,Marylou,Zola,Marylou.Zola@yopmail.com,Marylou.Zola@gmail.com,firefighter
919,Meriel,Schlosser,Meriel.Schlosser@yopmail.com,Meriel.Schlosser@gmail.com,developer
920,Lusa,Weinreb,Lusa.Weinreb@yopmail.com,Lusa.Weinreb@gmail.com,police officer
921,Stevana,Adore,Stevana.Adore@yopmail.com,Stevana.Adore@gmail.com,doctor
922,Jere,Gaynor,Jere.Gaynor@yopmail.com,Jere.Gaynor@gmail.com,worker
923,Fawne,Franza,Fawne.Franza@yopmail.com,Fawne.Franza@gmail.com,developer
924,Elmira,Socha,Elmira.Socha@yopmail.com,Elmira.Socha@gmail.com,police officer
925,Karly,Corrine,Karly.Corrine@yopmail.com,Karly.Corrine@gmail.com,developer
926,Tabbatha,Fairweather,Tabbatha.Fairweather@yopmail.com,Tabbatha.Fairweather@gmail.com,firefighter
927,Micheline,Eldrid,Micheline.Eldrid@yopmail.com,Micheline.Eldrid@gmail.com,police officer
928,Elmira,Suk,Elmira.Suk@yopmail.com,Elmira.Suk@gmail.com,developer
929,Gianina,Klotz,Gianina.Klotz@yopmail.com,Gianina.Klotz@gmail.com,worker
930,Donetta,Urias,Donetta.Urias@yopmail.com,Donetta.Urias@gmail.com,doctor
931,Yetty,Kress,Yetty.Kress@yopmail.com,Yetty.Kress@gmail.com,police officer
932,Shannah,Katrine,Shannah.Katrine@yopmail.com,Shannah.Katrine@gmail.com,developer
933,Magdalena,Center,Magdalena.Center@yopmail.com,Magdalena.Center@gmail.com,police officer
934,Karina,Olnee,Karina.Olnee@yopmail.com,Karina.Olnee@gmail.com,firefighter
935,Brianna,Durware,Brianna.Durware@yopmail.com,Brianna.Durware@gmail.com,firefighter
936,Blake,Virgin,Blake.Virgin@yopmail.com,Blake.Virgin@gmail.com,developer
937,Elyssa,Brieta,Elyssa.Brieta@yopmail.com,Elyssa.Brieta@gmail.com,developer
938,Joleen,Dermott,Joleen.Dermott@yopmail.com,Joleen.Dermott@gmail.com,developer
939,Gale,Miru,Gale.Miru@yopmail.com,Gale.Miru@gmail.com,firefighter
940,Lolita,Kannry,Lolita.Kannry@yopmail.com,Lolita.Kannry@gmail.com,worker
941,Maryellen,Garbe,Maryellen.Garbe@yopmail.com,Maryellen.Garbe@gmail.com,developer
942,Riannon,Glenden,Riannon.Glenden@yopmail.com,Riannon.Glenden@gmail.com,doctor
943,Theodora,Reidar,Theodora.Reidar@yopmail.com,Theodora.Reidar@gmail.com,firefighter
944,Myriam,Flita,Myriam.Flita@yopmail.com,Myriam.Flita@gmail.com,firefighter
945,Joeann,Dearborn,Joeann.Dearborn@yopmail.com,Joeann.Dearborn@gmail.com,worker
946,Quintina,Chabot,Quintina.Chabot@yopmail.com,Quintina.Chabot@gmail.com,police officer
947,Jessy,Dermott,Jessy.Dermott@yopmail.com,Jessy.Dermott@gmail.com,developer
948,Binny,Joachim,Binny.Joachim@yopmail.com,Binny.Joachim@gmail.com,developer
949,Tera,Toffic,Tera.Toffic@yopmail.com,Tera.Toffic@gmail.com,firefighter
950,Delilah,Baptlsta,Delilah.Baptlsta@yopmail.com,Delilah.Baptlsta@gmail.com,worker
951,Rubie,Bettine,Rubie.Bettine@yopmail.com,Rubie.Bettine@gmail.com,police officer
952,Hope,Rad,Hope.Rad@yopmail.com,Hope.Rad@gmail.com,firefighter
953,Farrah,Westphal,Farrah.Westphal@yopmail.com,Farrah.Westphal@gmail.com,developer
954,Nonnah,Fennessy,Nonnah.Fennessy@yopmail.com,Nonnah.Fennessy@gmail.com,developer
955,Arlena,Pettiford,Arlena.Pettiford@yopmail.com,Arlena.Pettiford@gmail.com,firefighter
956,Raina,McGrody,Raina.McGrody@yopmail.com,Raina.McGrody@gmail.com,firefighter
957,Aurore,Ellord,Aurore.Ellord@yopmail.com,Aurore.Ellord@gmail.com,police officer
958,Brandise,McClimans,Brandise.McClimans@yopmail.com,Brandise.McClimans@gmail.com,police officer
959,Lita,Cadmar,Lita.Cadmar@yopmail.com,Lita.Cadmar@gmail.com,worker
960,Petronia,McGrody,Petronia.McGrody@yopmail.com,Petronia.McGrody@gmail.com,doctor
961,Alameda,Garek,Alameda.Garek@yopmail.com,Alameda.Garek@gmail.com,police officer
962,Phylis,Joli,Phylis.Joli@yopmail.com,Phylis.Joli@gmail.com,worker
963,Raf,Gwenore,Raf.Gwenore@yopmail.com,Raf.Gwenore@gmail.com,worker
964,Kayla,Wadell,Kayla.Wadell@yopmail.com,Kayla.Wadell@gmail.com,developer
965,Ginnie,Primalia,Ginnie.Primalia@yopmail.com,Ginnie.Primalia@gmail.com,developer
966,Joleen,Vanni,Joleen.Vanni@yopmail.com,Joleen.Vanni@gmail.com,firefighter
967,Grier,Bibi,Grier.Bibi@yopmail.com,Grier.Bibi@gmail.com,firefighter
968,Clementine,Afton,Clementine.Afton@yopmail.com,Clementine.Afton@gmail.com,police officer
969,Chrystel,Schalles,Chrystel.Schalles@yopmail.com,Chrystel.Schalles@gmail.com,worker
970,Hayley,Land,Hayley.Land@yopmail.com,Hayley.Land@gmail.com,worker
971,Cathie,Bari,Cathie.Bari@yopmail.com,Cathie.Bari@gmail.com,developer
972,Ursulina,Olnee,Ursulina.Olnee@yopmail.com,Ursulina.Olnee@gmail.com,developer
973,Gianina,Slifka,Gianina.Slifka@yopmail.com,Gianina.Slifka@gmail.com,developer
974,Lisette,Fleeta,Lisette.Fleeta@yopmail.com,Lisette.Fleeta@gmail.com,doctor
975,Ofilia,Hanleigh,Ofilia.Hanleigh@yopmail.com,Ofilia.Hanleigh@gmail.com,police officer
976,Shaine,Rossner,Shaine.Rossner@yopmail.com,Shaine.Rossner@gmail.com,doctor
977,Inga,Kirstin,Inga.Kirstin@yopmail.com,Inga.Kirstin@gmail.com,worker
978,Joceline,Giff,Joceline.Giff@yopmail.com,Joceline.Giff@gmail.com,police officer
979,Agnese,Tippets,Agnese.Tippets@yopmail.com,Agnese.Tippets@gmail.com,developer
980,Alameda,Chapland,Alameda.Chapland@yopmail.com,Alameda.Chapland@gmail.com,developer
981,Evaleen,Celestine,Evaleen.Celestine@yopmail.com,Evaleen.Celestine@gmail.com,developer
982,Ivett,Terrence,Ivett.Terrence@yopmail.com,Ivett.Terrence@gmail.com,worker
983,Gilda,Susannah,Gilda.Susannah@yopmail.com,Gilda.Susannah@gmail.com,police officer
984,Danny,Hanleigh,Danny.Hanleigh@yopmail.com,Danny.Hanleigh@gmail.com,police officer
985,Brianna,Skell,Brianna.Skell@yopmail.com,Brianna.Skell@gmail.com,firefighter
986,Mireielle,Urania,Mireielle.Urania@yopmail.com,Mireielle.Urania@gmail.com,firefighter
987,Kimmy,Maryanne,Kimmy.Maryanne@yopmail.com,Kimmy.Maryanne@gmail.com,firefighter
988,Fina,Dorothy,Fina.Dorothy@yopmail.com,Fina.Dorothy@gmail.com,firefighter
989,Riannon,Jehu,Riannon.Jehu@yopmail.com,Riannon.Jehu@gmail.com,worker
990,Mady,Rosalba,Mady.Rosalba@yopmail.com,Mady.Rosalba@gmail.com,doctor
991,Etta,Delp,Etta.Delp@yopmail.com,Etta.Delp@gmail.com,doctor
992,Juliane,Ashok,Juliane.Ashok@yopmail.com,Juliane.Ashok@gmail.com,doctor
993,Alie,Goldina,Alie.Goldina@yopmail.com,Alie.Goldina@gmail.com,developer
994,Donetta,Baptlsta,Donetta.Baptlsta@yopmail.com,Donetta.Baptlsta@gmail.com,firefighter
995,Sibella,Bronk,Sibella.Bronk@yopmail.com,Sibella.Bronk@gmail.com,developer
996,Brianna,Torray,Brianna.Torray@yopmail.com,Brianna.Torray@gmail.com,worker
997,Paulita,Sherfield,Paulita.Sherfield@yopmail.com,Paulita.Sherfield@gmail.com,developer
998,Consuela,Caitlin,Consuela.Caitlin@yopmail.com,Consuela.Caitlin@gmail.com,developer
999,Magdalena,Dielu,Magdalena.Dielu@yopmail.com,Magdalena.Dielu@gmail.com,firefighter
1000,Kristina,Bibi,Kristina.Bibi@yopmail.com,Kristina.Bibi@gmail.com,worker
1001,Dede,Tengdin,Dede.Tengdin@yopmail.com,Dede.Tengdin@gmail.com,doctor
1002,Florencia,Georas,Florencia.Georas@yopmail.com,Florencia.Georas@gmail.com,developer
1003,Luci,Reinke,Luci.Reinke@yopmail.com,Luci.Reinke@gmail.com,doctor
1004,Rubie,Jotham,Rubie.Jotham@yopmail.com,Rubie.Jotham@gmail.com,developer
1005,Roz,Ioab,Roz.Ioab@yopmail.com,Roz.Ioab@gmail.com,firefighter
1006,Vere,Dorothy,Vere.Dorothy@yopmail.com,Vere.Dorothy@gmail.com,doctor
1007,Binny,Liebermann,Binny.Liebermann@yopmail.com,Binny.Liebermann@gmail.com,doctor
1008,Judy,Delacourt,Judy.Delacourt@yopmail.com,Judy.Delacourt@gmail.com,doctor
1009,Lulita,Krystle,Lulita.Krystle@yopmail.com,Lulita.Krystle@gmail.com,firefighter
1010,Claresta,Raseda,Claresta.Raseda@yopmail.com,Claresta.Raseda@gmail.com,developer
1011,Gwyneth,Jammal,Gwyneth.Jammal@yopmail.com,Gwyneth.Jammal@gmail.com,developer
1012,Heida,Baylor,Heida.Baylor@yopmail.com,Heida.Baylor@gmail.com,developer
1013,Fawne,Lissi,Fawne.Lissi@yopmail.com,Fawne.Lissi@gmail.com,developer
1014,Jennica,Garbe,Jennica.Garbe@yopmail.com,Jennica.Garbe@gmail.com,police officer
1015,Susette,Warthman,Susette.Warthman@yopmail.com,Susette.Warthman@gmail.com,developer
1016,Ardenia,Haldas,Ardenia.Haldas@yopmail.com,Ardenia.Haldas@gmail.com,doctor
1017,Mallory,Myrilla,Mallory.Myrilla@yopmail.com,Mallory.Myrilla@gmail.com,worker
1018,Claudina,Konyn,Claudina.Konyn@yopmail.com,Claudina.Konyn@gmail.com,police officer
1019,Mureil,Tiffa,Mureil.Tiffa@yopmail.com,Mureil.Tiffa@gmail.com,firefighter
1020,Sallie,Felecia,Sallie.Felecia@yopmail.com,Sallie.Felecia@gmail.com,developer
1021,Melisent,Lowry,Melisent.Lowry@yopmail.com,Melisent.Lowry@gmail.com,doctor
1022,Halette,Hathaway,Halette.Hathaway@yopmail.com,Halette.Hathaway@gmail.com,police officer
1023,Imojean,Hilbert,Imojean.Hilbert@yopmail.com,Imojean.Hilbert@gmail.com,worker
1024,Tabbatha,Dash,Tabbatha.Dash@yopmail.com,Tabbatha.Dash@gmail.com,doctor
1025,Desirae,Sammons,Desirae.Sammons@yopmail.com,Desirae.Sammons@gmail.com,doctor
1026,Tabbatha,Wilkinson,Tabbatha.Wilkinson@yopmail.com,Tabbatha.Wilkinson@gmail.com,worker
1027,Dianemarie,Stelle,Dianemarie.Stelle@yopmail.com,Dianemarie.Stelle@gmail.com,firefighter
1028,Ayn,Flyn,Ayn.Flyn@yopmail.com,Ayn.Flyn@gmail.com,firefighter
1029,Tori,Elsinore,Tori.Elsinore@yopmail.com,Tori.Elsinore@gmail.com,police officer
1030,Consuela,Pacorro,Consuela.Pacorro@yopmail.com,Consuela.Pacorro@gmail.com,doctor
1031,Misha,Creamer,Misha.Creamer@yopmail.com,Misha.Creamer@gmail.com,firefighter
1032,Rosene,Kalinda,Rosene.Kalinda@yopmail.com,Rosene.Kalinda@gmail.com,firefighter
1033,Ursulina,Himelman,Ursulina.Himelman@yopmail.com,Ursulina.Himelman@gmail.com,firefighter
1034,Livvyy,Pip,Livvyy.Pip@yopmail.com,Livvyy.Pip@gmail.com,worker
1035,Suzette,Wolfgram,Suzette.Wolfgram@yopmail.com,Suzette.Wolfgram@gmail.com,doctor
1036,Babita,Love,Babita.Love@yopmail.com,Babita.Love@gmail.com,worker
1037,Chandra,LaRue,Chandra.LaRue@yopmail.com,Chandra.LaRue@gmail.com,firefighter
1038,Nariko,Isidore,Nariko.Isidore@yopmail.com,Nariko.Isidore@gmail.com,doctor
1039,Jere,Rolf,Jere.Rolf@yopmail.com,Jere.Rolf@gmail.com,developer
1040,Abbie,Garlinda,Abbie.Garlinda@yopmail.com,Abbie.Garlinda@gmail.com,doctor
1041,Charlena,Noam,Charlena.Noam@yopmail.com,Charlena.Noam@gmail.com,doctor
1042,Dale,Eachern,Dale.Eachern@yopmail.com,Dale.Eachern@gmail.com,police officer
1043,June,Bronk,June.Bronk@yopmail.com,June.Bronk@gmail.com,worker
1044,Kaia,Evangelia,Kaia.Evangelia@yopmail.com,Kaia.Evangelia@gmail.com,firefighter
1045,Zia,Blisse,Zia.Blisse@yopmail.com,Zia.Blisse@gmail.com,firefighter
1046,Jacenta,Cleo,Jacenta.Cleo@yopmail.com,Jacenta.Cleo@gmail.com,worker
1047,Talya,Stav,Talya.Stav@yopmail.com,Talya.Stav@gmail.com,worker
1049,Danika,Georas,Danika.Georas@yopmail.com,Danika.Georas@gmail.com,police officer
1050,Elena,Solitta,Elena.Solitta@yopmail.com,Elena.Solitta@gmail.com,police officer
1051,Dorothy,Jotham,Dorothy.Jotham@yopmail.com,Dorothy.Jotham@gmail.com,worker
1052,Mellicent,Lattie,Mellicent.Lattie@yopmail.com,Mellicent.Lattie@gmail.com,developer
1053,Dorthy,Helfand,Dorthy.Helfand@yopmail.com,Dorthy.Helfand@gmail.com,worker
1054,Cam,Nicoline,Cam.Nicoline@yopmail.com,Cam.Nicoline@gmail.com,developer
1055,Edyth,Truc,Edyth.Truc@yopmail.com,Edyth.Truc@gmail.com,firefighter
1056,Kate,Anis,Kate.Anis@yopmail.com,Kate.Anis@gmail.com,firefighter
1057,Dulce,Read,Dulce.Read@yopmail.com,Dulce.Read@gmail.com,firefighter
1058,Pamella,Terrence,Pamella.Terrence@yopmail.com,Pamella.Terrence@gmail.com,doctor
1059,Misha,Schalles,Misha.Schalles@yopmail.com,Misha.Schalles@gmail.com,firefighter
1060,Eve,Erskine,Eve.Erskine@yopmail.com,Eve.Erskine@gmail.com,developer
1061,Hope,Ophelia,Hope.Ophelia@yopmail.com,Hope.Ophelia@gmail.com,developer
1062,Heddiea,Sandye,Heddie.Sandye@yopmail.com,Heddie.Sandye@gmail.com,doctor
1063,Roberta,Bebe,Roberta.Bebe@yopmail.com,Roberta.Bebe@gmail.com,police officer
1064,Gerianna,Kelula,Gerianna.Kelula@yopmail.com,Gerianna.Kelula@gmail.com,worker
1065,Jackie,Boycey,Jackie.Boycey@yopmail.com,Jackie.Boycey@gmail.com,developer
1066,Roberta,Karylin,Roberta.Karylin@yopmail.com,Roberta.Karylin@gmail.com,worker
1067,Philis,Neils,Philis.Neils@yopmail.com,Philis.Neils@gmail.com,developer
1068,Ardeen,Honoria,Ardeen.Honoria@yopmail.com,Ardeen.Honoria@gmail.com,police officer
1069,Bobinette,Lasley,Bobinette.Lasley@yopmail.com,Bobinette.Lasley@gmail.com,developer
1070,Gratia,Martsen,Gratia.Martsen@yopmail.com,Gratia.Martsen@gmail.com,worker
1071,Merry,Luhe,Merry.Luhe@yopmail.com,Merry.Luhe@gmail.com,developer
1072,Ardeen,Lorenz,Ardeen.Lorenz@yopmail.com,Ardeen.Lorenz@gmail.com,firefighter
1073,Ardeen,Libna,Ardeen.Libna@yopmail.com,Ardeen.Libna@gmail.com,firefighter
1074,Beth,Verger,Beth.Verger@yopmail.com,Beth.Verger@gmail.com,developer
1075,Charissa,Koziara,Charissa.Koziara@yopmail.com,Charissa.Koziara@gmail.com,developer
1076,Tonia,Boehike,Tonia.Boehike@yopmail.com,Tonia.Boehike@gmail.com,doctor
1077,Gretal,Viddah,Gretal.Viddah@yopmail.com,Gretal.Viddah@gmail.com,worker
1078,Yetty,Ilka,Yetty.Ilka@yopmail.com,Yetty.Ilka@gmail.com,police officer
1079,Jerry,Gamaliel,Jerry.Gamaliel@yopmail.com,Jerry.Gamaliel@gmail.com,doctor
1080,Marnia,Gaal,Marnia.Gaal@yopmail.com,Marnia.Gaal@gmail.com,doctor
1081,Dulce,Drus,Dulce.Drus@yopmail.com,Dulce.Drus@gmail.com,developer
1082,Janis,Harriman,Janis.Harriman@yopmail.com,Janis.Harriman@gmail.com,developer
1083,Kalina,Keelia,Kalina.Keelia@yopmail.com,Kalina.Keelia@gmail.com,firefighter
1084,Raf,Baudin,Raf.Baudin@yopmail.com,Raf.Baudin@gmail.com,doctor
1085,Eadie,Shama,Eadie.Shama@yopmail.com,Eadie.Shama@gmail.com,police officer
1086,Georgina,Ashely,Georgina.Ashely@yopmail.com,Georgina.Ashely@gmail.com,firefighter
1087,Dulcinea,Kazimir,Dulcinea.Kazimir@yopmail.com,Dulcinea.Kazimir@gmail.com,worker
1088,Atlanta,Vilma,Atlanta.Vilma@yopmail.com,Atlanta.Vilma@gmail.com,police officer
1089,Cacilie,Carmena,Cacilie.Carmena@yopmail.com,Cacilie.Carmena@gmail.com,police officer
1090,Rhoda,Baudin,Rhoda.Baudin@yopmail.com,Rhoda.Baudin@gmail.com,firefighter
1091,Coral,Winthorpe,Coral.Winthorpe@yopmail.com,Coral.Winthorpe@gmail.com,firefighter
1092,Olivette,Philipp,Olivette.Philipp@yopmail.com,Olivette.Philipp@gmail.com,police officer
1093,Aubrie,Daniele,Aubrie.Daniele@yopmail.com,Aubrie.Daniele@gmail.com,worker
1094,Jasmina,Durware,Jasmina.Durware@yopmail.com,Jasmina.Durware@gmail.com,worker
1095,Madelle,Rossner,Madelle.Rossner@yopmail.com,Madelle.Rossner@gmail.com,worker
1096,Carmencita,Bebe,Carmencita.Bebe@yopmail.com,Carmencita.Bebe@gmail.com,firefighter
1097,Nelle,Ezar,Nelle.Ezar@yopmail.com,Nelle.Ezar@gmail.com,firefighter
1098,Tani,Halsey,Tani.Halsey@yopmail.com,Tani.Halsey@gmail.com,firefighter
1099,Melodie,Auberbach,Melodie.Auberbach@yopmail.com,Melodie.Auberbach@gmail.com,developer