id,firstname,lastname,email2,profession,email
100,Fidelisa,Cleo,Fidelia.Cleo@gmail.com,firefighter,Fidelia.Cleo@yopmail.com
101a,Desirae,Anton,Desirae.Anton@gmail.com,developer,Desirae.Anton@yopmail.com
102,Bill,Pattin,Bill.Pattin@gmail.com,doctors,Bill.Pattin@yopmail.com
103,Maryellen,Anyah,Maryellen.Anyah@gmail.com,worker,Maryellen.Anyah@yopmail.com
104,Mignon,Dex,Mignon.Dex@gmail.com,worker,Mignon.Dex@yopmail.com
105,Anthia,Yate,Anthia.Yate@gmail.com,worker,Anthia.Yate@yopmail.com
106,Aigneis,Stilwell,Aigneis.Stilwell@gmail.com,developer,Aigneis.Stilwell@yopmail.com
107,Priscilla,Nelsen,Priscilla.Nelsen@gmail.com,firefighter,Priscilla.Nelsen@yopmail.com
108,Donnie,Imelida,Donnie.Imelida@gmail.com,worker,Donnie.Imelida@yopmail.com
109,Rori,Merell,Rori.Merell@gmail.com,firefighter,Rori.Merell@yopmail.com
110,Olivette,Blake,Olivette.Blake@gmail.com,doctor,Olivette.Blake@yopmail.com
111,Flory,Adalbert,Flory.Adalbert@gmail.com,developer,Flory.Adalbert@yopmail.com
112,Audrie,Koehler,Audrie.Koehler@gmail.com,doctor,Audrie.Koehler@yopmail.com
113,Sue,McAdams,Sue.McAdams@gmail.com,firefighter,Sue.McAdams@yopmail.com
114,Daphne,Syd,Daphne.Syd@gmail.com,worker,Daphne.Syd@yopmail.com
115,Max,Uund,Max.Uund@gmail.com,police officer,Max.Uund@yopmail.com
116,Ekaterina,Grobe,Ekaterina.Grobe@gmail.com,doctor,Ekaterina.Grobe@yopmail.com
117,Nikki,Warthman,Nikki.Warthman@gmail.com,worker,Nikki.Warthman@yopmail.com
118,Marguerite,Rillings,Marguerite.Rillings@gmail.com,developer,Marguerite.Rillings@yopmail.com
119,Rubie,O'Carroll,Rubie.O'Carroll@gmail.com,police officer,Rubie.O'Carroll@yopmail.com
120,Hannis,Timon,Hannis.Timon@gmail.com,firefighter,Hannis.Timon@yopmail.com
121,Helena,Melony,Helena.Melony@gmail.com,worker,Helena.Melony@yopmail.com
122,Orelia,Hurley,Orelia.Hurley@gmail.com,police officer,Orelia.Hurley@yopmail.com
123,Lanna,Gavrila,Lanna.Gavrila@gmail.com,doctor,Lanna.Gavrila@yopmail.com
124,Nerta,Meli,Nerta.Meli@gmail.com,doctor,Nerta.Meli@yopmail.com
125,Valera,Jalbert,Valera.Jalbert@gmail.com,worker,Valera.Jalbert@yopmail.com
126,Caritta,Gert,Caritta.Gert@gmail.com,police officer,Caritta.Gert@yopmail.com
127,Chloris,Kellby,Chloris.Kellby@gmail.com,doctor,Chloris.Kellby@yopmail.com
128,Maisey,Gerge,Maisey.Gerge@gmail.com,worker,Maisey.Gerge@yopmail.com
129,Barbara,Turne,Barbara.Turne@gmail.com,doctor,Barbara.Turne@yopmail.com
130,Kristan,Shelba,Kristan.Shelba@gmail.com,worker,Kristan.Shelba@yopmail.com
131,Evaleen,Etom,Evaleen.Etom@gmail.com,worker,Evaleen.Etom@yopmail.com
132,Candi,Septima,Candi.Septima@gmail.com,doctor,Candi.Septima@yopmail.com
133,Nataline,Toni,Nataline.Toni@gmail.com,doctor,Nataline.Toni@yopmail.com
134,Katleen,August,Katleen.August@gmail.com,doctor,Katleen.August@yopmail.com
135,Arlina,Fennessy,Arlina.Fennessy@gmail.com,doctor,Arlina.Fennessy@yopmail.com
136,Mary,Gaspard,Mary.Gaspard@gmail.com,developer,Mary.Gaspard@yopmail.com
137,Hayley,Gherardo,Hayley.Gherardo@gmail.com,firefighter,Hayley.Gherardo@yopmail.com
138,Frances,Bertold,Frances.Bertold@gmail.com,firefighter,Frances.Bertold@yopmail.com
139,Bibby,Zeeba,Bibby.Zeeba@gmail.com,police officer,Bibby.Zeeba@yopmail.com
140,Rosanne,Felecia,Rosanne.Felecia@gmail.com,developer,Rosanne.Felecia@yopmail.com
141,Yetty,Tjon,Yetty.Tjon@gmail.com,worker,Yetty.Tjon@yopmail.com
142,Siana,Hashim,Siana.Hashim@gmail.com,police officer,Siana.Hashim@yopmail.com
143,Clementine,Grosz,Clementine.Grosz@gmail.com,developer,Clementine.Grosz@yopmail.com
144,Melodie,Denis,Melodie.Denis@gmail.com,firefighter,Melodie.Denis@yopmail.com
145,Edyth,Pip,Edyth.Pip@gmail.com,worker,Edyth.Pip@yopmail.com
146,Gratia,Rebecka,Gratia.Rebecka@gmail.com,developer,Gratia.Rebecka@yopmail.com
147,Adele,Angelis,Adele.Angelis@gmail.com,worker,Adele.Angelis@yopmail.com
148,Carly,Brady,Carly.Brady@gmail.com,firefighter,Carly.Brady@yopmail.com
149,Brana,Gino,Brana.Gino@gmail.com,firefighter,Brana.Gino@yopmail.com
150,Amara,Urania,Amara.Urania@gmail.com,police officer,Amara.Urania@yopmail.com
151,Beth,Sholley,Beth.Sholley@gmail.com,doctor,Beth.Sholley@yopmail.com
152,Ezmeralda,Mullane,Ezmeralda.Mullane@gmail.com,doctor,Ezmeralda.Mullane@yopmail.com
153,Marika,Pond,Marika.Pond@gmail.com,police officer,Marika.Pond@yopmail.com
154,Claudina,Ailyn,Claudina.Ailyn@gmail.com,developer,Claudina.Ailyn@yopmail.com
155,Chastity,Peg,Chastity.Peg@gmail.com,doctor,Chastity.Peg@yopmail.com
156,Betta,Berard,Betta.Berard@gmail.com,firefighter,Betta.Berard@yopmail.com
157,Harmonia,Penelopa,Harmonia.Penelopa@gmail.com,police officer,Harmonia.Penelopa@yopmail.com
158,Patricia,Rozanna,Patricia.Rozanna@gmail.com,developer,Patricia.Rozanna@yopmail.com
159,Kaia,Leffen,Kaia.Leffen@gmail.com,firefighter,Kaia.Leffen@yopmail.com
160,Olivette,Jefferey,Olivette.Jefferey@gmail.com,doctor,Olivette.Jefferey@yopmail.com
161,Evaleen,Cloris,Evaleen.Cloris@gmail.com,doctor,Evaleen.Cloris@yopmail.com
162,Janeczka,Ferino,Janeczka.Ferino@gmail.com,developer,Janeczka.Ferino@yopmail.com
163,Gerianna,August,Gerianna.August@gmail.com,developer,Gerianna.August@yopmail.com
164,Emylee,Germann,Emylee.Germann@gmail.com,developer,Emylee.Germann@yopmail.com
165,Jenda,Oster,Jenda.Oster@gmail.com,doctor,Jenda.Oster@yopmail.com
166,Lindie,Mich,Lindie.Mich@gmail.com,police officer,Lindie.Mich@yopmail.com
167,Kellen,Bonucci,Kellen.Bonucci@gmail.com,police officer,Kellen.Bonucci@yopmail.com
168,Aryn,Brandice,Aryn.Brandice@gmail.com,worker,Aryn.Brandice@yopmail.com
169,Winny,Hilbert,Winny.Hilbert@gmail.com,worker,Winny.Hilbert@yopmail.com
170,Alejandra,Bari,Alejandra.Bari@gmail.com,worker,Alejandra.Bari@yopmail.com
171,Mahalia,Darrell,Mahalia.Darrell@gmail.com,police officer,Mahalia.Darrell@yopmail.com
172,Alisha,Tice,Alisha.Tice@gmail.com,firefighter,Alisha.Tice@yopmail.com
173,Kelly,Billye,Kelly.Billye@gmail.com,firefighter,Kelly.Billye@yopmail.com
174,Deedee,Palocz,Deedee.Palocz@gmail.com,worker,Deedee.Palocz@yopmail.com
175,Arlina,Imelida,Arlina.Imelida@gmail.com,worker,Arlina.Imelida@yopmail.com
176,Annabela,Guildroy,Annabela.Guildroy@gmail.com,worker,Annabela.Guildroy@yopmail.com
177,Flory,Pelagias,Flory.Pelagias@gmail.com,firefighter,Flory.Pelagias@yopmail.com
178,Drucie,Bandeen,Drucie.Bandeen@gmail.com,police officer,Drucie.Bandeen@yopmail.com
179,Karolina,Adrienne,Karolina.Adrienne@gmail.com,doctor,Karolina.Adrienne@yopmail.com
180,Gavrielle,Japeth,Gavrielle.Japeth@gmail.com,firefighter,Gavrielle.Japeth@yopmail.com
181,Trixi,Cleavland,Trixi.Cleavland@gmail.com,police officer,Trixi.Cleavland@yopmail.com
182,Grier,Suzetta,Grier.Suzetta@gmail.com,firefighter,Grier.Suzetta@yopmail.com
183,Correy,Orlene,Correy.Orlene@gmail.com,police officer,Correy.Orlene@yopmail.com
184,Fayre,Pearse,Fayre.Pearse@gmail.com,police officer,Fayre.Pearse@yopmail.com
185,Dulcinea,Sadowski,Dulcinea.Sadowski@gmail.com,worker,Dulcinea.Sadowski@yopmail.com
186,Ayn,Willie,Ayn.Willie@gmail.com,firefighter,Ayn.Willie@yopmail.com
187,Tamqrah,Jacinda,Tamqrah.Jacinda@gmail.com,firefighter,Tamqrah.Jacinda@yopmail.com
188,Clementine,Kiyoshi,Clementine.Kiyoshi@gmail.com,firefighter,Clementine.Kiyoshi@yopmail.com
189,Delilah,Georgy,Delilah.Georgy@gmail.com,worker,Delilah.Georgy@yopmail.com
190,Lily,Niles,Lily.Niles@gmail.com,worker,Lily.Niles@yopmail.com
191,Orelia,Hertzfeld,Orelia.Hertzfeld@gmail.com,police officer,Orelia.Hertzfeld@yopmail.com
192,Ethel,Raseda,Ethel.Raseda@gmail.com,firefighter,Ethel.Raseda@yopmail.com
193,Ayn,Linskey,Ayn.Linskey@gmail.com,police officer,Ayn.Linskey@yopmail.com
194,Atlanta,Brady,Atlanta.Brady@gmail.com,police officer,Atlanta.Brady@yopmail.com
195,Ernesta,Kathie,Ernesta.Kathie@gmail.com,developer,Ernesta.Kathie@yopmail.com
196,Lorne,Greyson,Lorne.Greyson@gmail.com,doctor,Lorne.Greyson@yopmail.com
197,Alexine,Schwejda,Alexine.Schwejda@gmail.com,doctor,Alexine.Schwejda@yopmail.com
198,Ileana,Riordan,Ileana.Riordan@gmail.com,worker,Ileana.Riordan@yopmail.com
199,Emilia,Couture,Emilia.Couture@gmail.com,worker,Emilia.Couture@yopmail.com
200,Orsola,Seumas,Orsola.Seumas@gmail.com,worker,Orsola.Seumas@yopmail.com
201,Goldie,Kinnard,Goldie.Kinnard@gmail.com,police officer,Goldie.Kinnard@yopmail.com
202,Marinna,Mullane,Marinna.Mullane@gmail.com,police officer,Marinna.Mullane@yopmail.com
203,Tarra,Jary,Tarra.Jary@gmail.com,police officer,Tarra.Jary@yopmail.com
204,Viviene,Ariella,Viviene.Ariella@gmail.com,doctor,Viviene.Ariella@yopmail.com
205,Ezmeralda,Winthorpe,Ezmeralda.Winthorpe@gmail.com,worker,Ezmeralda.Winthorpe@yopmail.com
206,Siana,Ezar,Siana.Ezar@gmail.com,firefighter,Siana.Ezar@yopmail.com
207,Arlina,Liebermann,Arlina.Liebermann@gmail.com,developer,Arlina.Liebermann@yopmail.com
208,Atlanta,Aldric,Atlanta.Aldric@gmail.com,firefighter,Atlanta.Aldric@yopmail.com
209,Meghann,Ricarda,Meghann.Ricarda@gmail.com,developer,Meghann.Ricarda@yopmail.com
210,Raf,Ralfston,Raf.Ralfston@gmail.com,police officer,Raf.Ralfston@yopmail.com
211,Rani,Gahl,Rani.Gahl@gmail.com,firefighter,Rani.Gahl@yopmail.com
212,Juliane,McAdams,Juliane.McAdams@gmail.com,doctor,Juliane.McAdams@yopmail.com
213,Leontine,Deny,Leontine.Deny@gmail.com,police officer,Leontine.Deny@yopmail.com
214,Angela,Gavrila,Angela.Gavrila@gmail.com,doctor,Angela.Gavrila@yopmail.com
215,Jean,Othilia,Jean.Othilia@gmail.com,doctor,Jean.Othilia@yopmail.com
216,Dotty,Leifeste,Dotty.Leifeste@gmail.com,developer,Dotty.Leifeste@yopmail.com
217,Leia,Kunin,Leia.Kunin@gmail.com,firefighter,Leia.Kunin@yopmail.com
218,Emelina,Maiah,Emelina.Maiah@gmail.com,developer,Emelina.Maiah@yopmail.com
219,Sophia,Rurik,Sophia.Rurik@gmail.com,worker,Sophia.Rurik@yopmail.com
220,Collen,Sasnett,Collen.Sasnett@gmail.com,worker,Collen.Sasnett@yopmail.com
221,Georgina,Arathorn,Georgina.Arathorn@gmail.com,firefighter,Georgina.Arathorn@yopmail.com
222,Carly,Birdella,Carly.Birdella@gmail.com,firefighter,Carly.Birdella@yopmail.com
223,Tybie,Peonir,Tybie.Peonir@gmail.com,doctor,Tybie.Peonir@yopmail.com
224,Kimberley,Regan,Kimberley.Regan@gmail.com,firefighter,Kimberley.Regan@yopmail.com
225,Emma,Carolin,Emma.Carolin@gmail.com,police officer,Emma.Carolin@yopmail.com
226,Odessa,Dorothy,Odessa.Dorothy@gmail.com,doctor,Odessa.Dorothy@yopmail.com
227,Jinny,Cloris,Jinny.Cloris@gmail.com,firefighter,Jinny.Cloris@yopmail.com
228,Belva,Gladstone,Belva.Gladstone@gmail.com,police officer,Belva.Gladstone@yopmail.com
229,Frances,Hathaway,Frances.Hathaway@gmail.com,police officer,Frances.Hathaway@yopmail.com
230,Correy,Sallyann,Correy.Sallyann@gmail.com,doctor,Correy.Sallyann@yopmail.com
231,Cecile,Dulciana,Cecile.Dulciana@gmail.com,police officer,Cecile.Dulciana@yopmail.com
232,Roseline,Corabella,Roseline.Corabella@gmail.com,firefighter,Roseline.Corabella@yopmail.com
233,Marcelline,Hirsch,Marcelline.Hirsch@gmail.com,doctor,Marcelline.Hirsch@yopmail.com
234,Phylis,Suanne,Phylis.Suanne@gmail.com,police officer,Phylis.Suanne@yopmail.com
235,Elfreda,Lewes,Elfreda.Lewes@gmail.com,police officer,Elfreda.Lewes@yopmail.com
236,Thalia,Stefa,Thalia.Stefa@gmail.com,police officer,Thalia.Stefa@yopmail.com
237,Audrie,Nea,Audrie.Nea@gmail.com,firefighter,Audrie.Nea@yopmail.com
238,Cacilie,Henrie,Cacilie.Henrie@gmail.com,firefighter,Cacilie.Henrie@yopmail.com
239,Katleen,Dahlia,Katleen.Dahlia@gmail.com,police officer,Katleen.Dahlia@yopmail.com
240,Camile,Niles,Camile.Niles@gmail.com,firefighter,Camile.Niles@yopmail.com
241,Rosaline,Ramona,Rosaline.Ramona@gmail.com,developer,Rosaline.Ramona@yopmail.com
242,Margarette,Letsou,Margarette.Letsou@gmail.com,worker,Margarette.Letsou@yopmail.com
243,Wilma,Dahlia,Wilma.Dahlia@gmail.com,doctor,Wilma.Dahlia@yopmail.com
244,Robbi,Daniele,Robbi.Daniele@gmail.com,firefighter,Robbi.Daniele@yopmail.com
245,Myrtice,Eben,Myrtice.Eben@gmail.com,worker,Myrtice.Eben@yopmail.com
246,Aeriela,Dorcy,Aeriela.Dorcy@gmail.com,police officer,Aeriela.Dorcy@yopmail.com
247,Diena,Durware,Diena.Durware@gmail.com,developer,Diena.Durware@yopmail.com
248,Melodie,Astra,Melodie.Astra@gmail.com,worker,Melodie.Astra@yopmail.com
249,Nelle,Salvidor,Nelle.Salvidor@gmail.com,firefighter,Nelle.Salvidor@yopmail.com
250,Jacquetta,Randene,Jacquetta.Randene@gmail.com,firefighter,Jacquetta.Randene@yopmail.com
251,Ernesta,Yate,Ernesta.Yate@gmail.com,worker,Ernesta.Yate@yopmail.com
252,Corene,Shaver,Corene.Shaver@gmail.com,firefighter,Corene.Shaver@yopmail.com
253,Melodie,Firmin,Melodie.Firmin@gmail.com,firefighter,Melodie.Firmin@yopmail.com
254,Madeleine,Aldric,Madeleine.Aldric@gmail.com,police officer,Madeleine.Aldric@yopmail.com
255,Dacia,Amadas,Dacia.Amadas@gmail.com,firefighter,Dacia.Amadas@yopmail.com
256,Perry,Bergman,Perry.Bergman@gmail.com,firefighter,Perry.Bergman@yopmail.com
257,Sherrie,Arne,Sherrie.Arne@gmail.com,worker,Sherrie.Arne@yopmail.com
258,Silvana,Suanne,Silvana.Suanne@gmail.com,developer,Silvana.Suanne@yopmail.com
259,Zia,Parette,Zia.Parette@gmail.com,firefighter,Zia.Parette@yopmail.com
260,Kerrin,Sharl,Kerrin.Sharl@gmail.com,doctor,Kerrin.Sharl@yopmail.com
261,Emelina,Alisia,Emelina.Alisia@gmail.com,worker,Emelina.Alisia@yopmail.com
262,Violet,Sibyls,Violet.Sibyls@gmail.com,firefighter,Violet.Sibyls@yopmail.com
263,Chrystel,Lia,Chrystel.Lia@gmail.com,police officer,Chrystel.Lia@yopmail.com
264,Doralynne,Reinke,Doralynne.Reinke@gmail.com,doctor,Doralynne.Reinke@yopmail.com
265,Tera,Love,Tera.Love@gmail.com,police officer,Tera.Love@yopmail.com
266,Sadie,Prober,Sadie.Prober@gmail.com,worker,Sadie.Prober@yopmail.com
267,Regina,Giff,Regina.Giff@gmail.com,developer,Regina.Giff@yopmail.com
268,Alex,Kravits,Alex.Kravits@gmail.com,developer,Alex.Kravits@yopmail.com
269,Max,Meli,Max.Meli@gmail.com,developer,Max.Meli@yopmail.com
270,Fayre,Leffen,Fayre.Leffen@gmail.com,police officer,Fayre.Leffen@yopmail.com
271,Marguerite,Audly,Marguerite.Audly@gmail.com,worker,Marguerite.Audly@yopmail.com
272,Keelia,Kathie,Keelia.Kathie@gmail.com,developer,Keelia.Kathie@yopmail.com
273,Maud,Trinetta,Maud.Trinetta@gmail.com,developer,Maud.Trinetta@yopmail.com
274,Claudina,Pulsifer,Claudina.Pulsifer@gmail.com,worker,Claudina.Pulsifer@yopmail.com
275,Farrah,Graig,Farrah.Graig@gmail.com,developer,Farrah.Graig@yopmail.com
276,Corina,Persse,Corina.Persse@gmail.com,worker,Corina.Persse@yopmail.com
277,Corene,Shields,Corene.Shields@gmail.com,police officer,Corene.Shields@yopmail.com
278,Lory,Gino,Lory.Gino@gmail.com,developer,Lory.Gino@yopmail.com
279,Karina,Bendick,Karina.Bendick@gmail.com,doctor,Karina.Bendick@yopmail.com
280,Katuscha,Clywd,Katuscha.Clywd@gmail.com,police officer,Katuscha.Clywd@yopmail.com
281,Anallese,Tamar,Anallese.Tamar@gmail.com,developer,Anallese.Tamar@yopmail.com
282,Karina,Santoro,Karina.Santoro@gmail.com,developer,Karina.Santoro@yopmail.com
283,Calla,Arvo,Calla.Arvo@gmail.com,doctor,Calla.Arvo@yopmail.com
284,Amelia,Decato,Amelia.Decato@gmail.com,developer,Amelia.Decato@yopmail.com
285,Correy,Harned,Correy.Harned@gmail.com,firefighter,Correy.Harned@yopmail.com
286,Caritta,Taam,Caritta.Taam@gmail.com,developer,Caritta.Taam@yopmail.com
287,Dacia,Kendrick,Dacia.Kendrick@gmail.com,developer,Dacia.Kendrick@yopmail.com
288,Luci,Laverne,Luci.Laverne@gmail.com,developer,Luci.Laverne@yopmail.com
289,Sheelagh,Randene,Sheelagh.Randene@gmail.com,worker,Sheelagh.Randene@yopmail.com
290,Elbertina,Greenwald,Elbertina.Greenwald@gmail.com,police officer,Elbertina.Greenwald@yopmail.com
291,Nerta,Aurelio,Nerta.Aurelio@gmail.com,worker,Nerta.Aurelio@yopmail.com
292,Augustine,Eliathas,Augustine.Eliathas@gmail.com,worker,Augustine.Eliathas@yopmail.com
293,Rori,Duwalt,Rori.Duwalt@gmail.com,developer,Rori.Duwalt@yopmail.com
294,Claresta,Swanhildas,Claresta.Swanhildas@gmail.com,worker,Claresta.Swanhildas@yopmail.com
295,Nita,Celestine,Nita.Celestine@gmail.com,firefighter,Nita.Celestine@yopmail.com
296,Celisse,Liebermann,Celisse.Liebermann@gmail.com,developer,Celisse.Liebermann@yopmail.com
297,Calla,Holbrook,Calla.Holbrook@gmail.com,doctor,Calla.Holbrook@yopmail.com
298,Althea,Salchunas,Althea.Salchunas@gmail.com,developer,Althea.Salchunas@yopmail.com
299,Beverley,Donoghue,Beverley.Donoghue@gmail.com,developer,Beverley.Donoghue@yopmail.com
300,Larine,Lemuela,Larine.Lemuela@gmail.com,worker,Larine.Lemuela@yopmail.com
301,Ariela,Dom,Ariela.Dom@gmail.com,firefighter,Ariela.Dom@yopmail.com
302,Lizzie,Philipp,Lizzie.Philipp@gmail.com,doctor,Lizzie.Philipp@yopmail.com
303,Sue,Magdalen,Sue.Magdalen@gmail.com,police officer,Sue.Magdalen@yopmail.com
304,Gertrud,Amethist,Gertrud.Amethist@gmail.com,developer,Gertrud.Amethist@yopmail.com
305,Rosaline,Franza,Rosaline.Franza@gmail.com,police officer,Rosaline.Franza@yopmail.com
306,Andeee,Talia,Andeee.Talia@gmail.com,developer,Andeee.Talia@yopmail.com
307,Nadine,Anis,Nadine.Anis@gmail.com,developer,Nadine.Anis@yopmail.com
308,Winny,Teryn,Winny.Teryn@gmail.com,developer,Winny.Teryn@yopmail.com
309,Roseline,Fax,Roseline.Fax@gmail.com,firefighter,Roseline.Fax@yopmail.com
310,Clary,Rese,Clary.Rese@gmail.com,firefighter,Clary.Rese@yopmail.com
311,Gratia,Berl,Gratia.Berl@gmail.com,worker,Gratia.Berl@yopmail.com
312,Dari,Lemuela,Dari.Lemuela@gmail.com,worker,Dari.Lemuela@yopmail.com
313,Lita,Lucienne,Lita.Lucienne@gmail.com,firefighter,Lita.Lucienne@yopmail.com
314,Leontine,Woodberry,Leontine.Woodberry@gmail.com,developer,Leontine.Woodberry@yopmail.com
315,Tani,Ietta,Tani.Ietta@gmail.com,developer,Tani.Ietta@yopmail.com
316,Elmira,Pip,Elmira.Pip@gmail.com,worker,Elmira.Pip@yopmail.com
317,Charissa,Andrel,Charissa.Andrel@gmail.com,developer,Charissa.Andrel@yopmail.com
318,Laure,Carbo,Laure.Carbo@gmail.com,doctor,Laure.Carbo@yopmail.com
319,Dorene,Blase,Dorene.Blase@gmail.com,firefighter,Dorene.Blase@yopmail.com
320,Feliza,Avi,Feliza.Avi@gmail.com,worker,Feliza.Avi@yopmail.com
321,Trixi,Pauly,Trixi.Pauly@gmail.com,developer,Trixi.Pauly@yopmail.com
322,Donnie,Pulsifer,Donnie.Pulsifer@gmail.com,doctor,Donnie.Pulsifer@yopmail.com
323,Heddie,Sinegold,Heddie.Sinegold@gmail.com,firefighter,Heddie.Sinegold@yopmail.com
324,Loree,Garek,Loree.Garek@gmail.com,firefighter,Loree.Garek@yopmail.com
325,Marguerite,Solitta,Marguerite.Solitta@gmail.com,worker,Marguerite.Solitta@yopmail.com
326,Livvyy,Aprile,Livvyy.Aprile@gmail.com,firefighter,Livvyy.Aprile@yopmail.com
327,Starla,Saint,Starla.Saint@gmail.com,police officer,Starla.Saint@yopmail.com
328,Coral,Verger,Coral.Verger@gmail.com,police officer,Coral.Verger@yopmail.com
329,Tabbatha,Albertine,Tabbatha.Albertine@gmail.com,police officer,Tabbatha.Albertine@yopmail.com
330,Juliane,Olnee,Juliane.Olnee@gmail.com,police officer,Juliane.Olnee@yopmail.com
331,Henriette,Rese,Henriette.Rese@gmail.com,doctor,Henriette.Rese@yopmail.com
332,Yolane,Juan,Yolane.Juan@gmail.com,firefighter,Yolane.Juan@yopmail.com
333,Dulce,Eldrid,Dulce.Eldrid@gmail.com,developer,Dulce.Eldrid@yopmail.com
334,Cindelyn,Federica,Cindelyn.Federica@gmail.com,firefighter,Cindelyn.Federica@yopmail.com
335,Betta,Jacinda,Betta.Jacinda@gmail.com,doctor,Betta.Jacinda@yopmail.com
336,Molli,Jerold,Molli.Jerold@gmail.com,doctor,Molli.Jerold@yopmail.com
337,Jemie,Brenn,Jemie.Brenn@gmail.com,developer,Jemie.Brenn@yopmail.com
338,Dale,Telfer,Dale.Telfer@gmail.com,doctor,Dale.Telfer@yopmail.com
339,Elmira,Evvie,Elmira.Evvie@gmail.com,developer,Elmira.Evvie@yopmail.com
340,Britte,Elsinore,Britte.Elsinore@gmail.com,police officer,Britte.Elsinore@yopmail.com
341,Marinna,Cottle,Marinna.Cottle@gmail.com,firefighter,Marinna.Cottle@yopmail.com
342,Maurene,MacIntosh,Maurene.MacIntosh@gmail.com,worker,Maurene.MacIntosh@yopmail.com
343,Romona,Rolf,Romona.Rolf@gmail.com,doctor,Romona.Rolf@yopmail.com
344,Marnia,Calhoun,Marnia.Calhoun@gmail.com,worker,Marnia.Calhoun@yopmail.com
345,Suzette,Masao,Suzette.Masao@gmail.com,worker,Suzette.Masao@yopmail.com
346,Jessy,Alexandr,Jessy.Alexandr@gmail.com,firefighter,Jessy.Alexandr@yopmail.com
347,Aili,Verger,Aili.Verger@gmail.com,developer,Aili.Verger@yopmail.com
348,Lonnie,Thornburg,Lonnie.Thornburg@gmail.com,developer,Lonnie.Thornburg@yopmail.com
349,Alleen,Chandler,Alleen.Chandler@gmail.com,worker,Alleen.Chandler@yopmail.com
350,Daune,Winthorpe,Daune.Winthorpe@gmail.com,firefighter,Daune.Winthorpe@yopmail.com
351,Tami,Chinua,Tami.Chinua@gmail.com,police officer,Tami.Chinua@yopmail.com
352,Shaylyn,Knowling,Shaylyn.Knowling@gmail.com,developer,Shaylyn.Knowling@yopmail.com
353,Viki,Anton,Viki.Anton@gmail.com,firefighter,Viki.Anton@yopmail.com
354,Jsandye,Nahum,Jsandye.Nahum@gmail.com,developer,Jsandye.Nahum@yopmail.com
355,Lusa,Alrich,Lusa.Alrich@gmail.com,developer,Lusa.Alrich@yopmail.com
356,Felice,Goode,Felice.Goode@gmail.com,firefighter,Felice.Goode@yopmail.com
357,Daune,Riordan,Daune.Riordan@gmail.com,worker,Daune.Riordan@yopmail.com
358,Mireielle,Garlinda,Mireielle.Garlinda@gmail.com,firefighter,Mireielle.Garlinda@yopmail.com
359,Lexine,Faust,Lexine.Faust@gmail.com,worker,Lexine.Faust@yopmail.com
360,Nicoli,Morrill,Nicoli.Morrill@gmail.com,police officer,Nicoli.Morrill@yopmail.com
361,Roslyn,Ledah,Roslyn.Ledah@gmail.com,firefighter,Roslyn.Ledah@yopmail.com
362,Jessy,Donell,Jessy.Donell@gmail.com,doctor,Jessy.Donell@yopmail.com
363,Selma,Saree,Selma.Saree@gmail.com,worker,Selma.Saree@yopmail.com
364,Harmonia,Celestine,Harmonia.Celestine@gmail.com,doctor,Harmonia.Celestine@yopmail.com
365,Odessa,Yate,Odessa.Yate@gmail.com,firefighter,Odessa.Yate@yopmail.com
366,Libbie,Norrie,Libbie.Norrie@gmail.com,developer,Libbie.Norrie@yopmail.com
367,Therine,Brieta,Therine.Brieta@gmail.com,developer,Therine.Brieta@yopmail.com
368,Ingrid,Roche,Ingrid.Roche@gmail.com,developer,Ingrid.Roche@yopmail.com
369,Gwyneth,Casimir,Gwyneth.Casimir@gmail.com,developer,Gwyneth.Casimir@yopmail.com
370,Shannah,Harl,Shannah.Harl@gmail.com,worker,Shannah.Harl@yopmail.com
371,Dorthy,Bonucci,Dorthy.Bonucci@gmail.com,firefighter,Dorthy.Bonucci@yopmail.com
372,Wanda,Olnee,Wanda.Olnee@gmail.com,police officer,Wanda.Olnee@yopmail.com
373,Marnia,Kirstin,Marnia.Kirstin@gmail.com,developer,Marnia.Kirstin@yopmail.com
374,Liana,Trinetta,Liana.Trinetta@gmail.com,worker,Liana.Trinetta@yopmail.com
375,Kary,Raseda,Kary.Raseda@gmail.com,developer,Kary.Raseda@yopmail.com
376,Cathyleen,Seessel,Cathyleen.Seessel@gmail.com,worker,Cathyleen.Seessel@yopmail.com
377,Elbertina,Wolfgram,Elbertina.Wolfgram@gmail.com,police officer,Elbertina.Wolfgram@yopmail.com
378,Roxane,Pip,Roxane.Pip@gmail.com,doctor,Roxane.Pip@yopmail.com
379,Emilia,Junie,Emilia.Junie@gmail.com,doctor,Emilia.Junie@yopmail.com
380,Ricky,Burnside,Ricky.Burnside@gmail.com,developer,Ricky.Burnside@yopmail.com
381,Cristabel,Quinn,Cristabel.Quinn@gmail.com,worker,Cristabel.Quinn@yopmail.com
382,Gretal,Dichy,Gretal.Dichy@gmail.com,police officer,Gretal.Dichy@yopmail.com
383,Katharina,Dunkin,Katharina.Dunkin@gmail.com,doctor,Katharina.Dunkin@yopmail.com
384,Tracey,Muriel,Tracey.Muriel@gmail.com,firefighter,Tracey.Muriel@yopmail.com
385,Pollyanna,Kalinda,Pollyanna.Kalinda@gmail.com,worker,Pollyanna.Kalinda@yopmail.com
386,Elena,Jenness,Elena.Jenness@gmail.com,police officer,Elena.Jenness@yopmail.com
387,Cacilie,O'Neill,Cacilie.O'Neill@gmail.com,police officer,Cacilie.O'Neill@yopmail.com
388,Carolina,Anis,Carolina.Anis@gmail.com,firefighter,Carolina.Anis@yopmail.com
389,Genevra,Yerkovich,Genevra.Yerkovich@gmail.com,worker,Genevra.Yerkovich@yopmail.com
390,Maisey,Malina,Maisey.Malina@gmail.com,developer,Maisey.Malina@yopmail.com
391,Angela,Cristi,Angela.Cristi@gmail.com,doctor,Angela.Cristi@yopmail.com
392,Rosene,Leffen,Rosene.Leffen@gmail.com,developer,Rosene.Leffen@yopmail.com
393,Nanete,Aloise,Nanete.Aloise@gmail.com,doctor,Nanete.Aloise@yopmail.com
394,Carmencita,Colleen,Carmencita.Colleen@gmail.com,developer,Carmencita.Colleen@yopmail.com
395,Hollie,Longfellow,Hollie.Longfellow@gmail.com,firefighter,Hollie.Longfellow@yopmail.com
396,Viki,Borrell,Viki.Borrell@gmail.com,doctor,Viki.Borrell@yopmail.com
397,Marita,Hutchison,Marita.Hutchison@gmail.com,worker,Marita.Hutchison@yopmail.com
398,Leeanne,Zamora,Leeanne.Zamora@gmail.com,worker,Leeanne.Zamora@yopmail.com
399,Evaleen,Billye,Evaleen.Billye@gmail.com,developer,Evaleen.Billye@yopmail.com
400,Fina,Nahum,Fina.Nahum@gmail.com,worker,Fina.Nahum@yopmail.com
401,Anthia,Ailyn,Anthia.Ailyn@gmail.com,worker,Anthia.Ailyn@yopmail.com
402,Elbertina,Syd,Elbertina.Syd@gmail.com,firefighter,Elbertina.Syd@yopmail.com
403,Myriam,Suk,Myriam.Suk@gmail.com,doctor,Myriam.Suk@yopmail.com
404,Clementine,Kenney,Clementine.Kenney@gmail.com,worker,Clementine.Kenney@yopmail.com
405,Jillayne,Yorick,Jillayne.Yorick@gmail.com,doctor,Jillayne.Yorick@yopmail.com
406,Alleen,Solitta,Alleen.Solitta@gmail.com,doctor,Alleen.Solitta@yopmail.com
407,Cacilie,Esmaria,Cacilie.Esmaria@gmail.com,developer,Cacilie.Esmaria@yopmail.com
408,Jerry,Lymann,Jerry.Lymann@gmail.com,developer,Jerry.Lymann@yopmail.com
409,Jackie,Harned,Jackie.Harned@gmail.com,police officer,Jackie.Harned@yopmail.com
410,Larine,Reneta,Larine.Reneta@gmail.com,firefighter,Larine.Reneta@yopmail.com
411,Aimil,Gualtiero,Aimil.Gualtiero@gmail.com,developer,Aimil.Gualtiero@yopmail.com
412,Ginnie,Gemini,Ginnie.Gemini@gmail.com,police officer,Ginnie.Gemini@yopmail.com
413,Blake,An,Blake.An@gmail.com,firefighter,Blake.An@yopmail.com
414,Leia,Tybald,Leia.Tybald@gmail.com,worker,Leia.Tybald@yopmail.com
415,Wilma,Trinetta,Wilma.Trinetta@gmail.com,doctor,Wilma.Trinetta@yopmail.com
416,Claudina,Stelle,Claudina.Stelle@gmail.com,developer,Claudina.Stelle@yopmail.com
417,Brooks,Hortensia,Brooks.Hortensia@gmail.com,police officer,Brooks.Hortensia@yopmail.com
418,Nelle,Harned,Nelle.Harned@gmail.com,worker,Nelle.Harned@yopmail.com
419,Elka,Kiyoshi,Elka.Kiyoshi@gmail.com,police officer,Elka.Kiyoshi@yopmail.com
420,Kellen,Presber,Kellen.Presber@gmail.com,firefighter,Kellen.Presber@yopmail.com
421,Beth,Andrel,Beth.Andrel@gmail.com,doctor,Beth.Andrel@yopmail.com
422,Lynnea,Dahlia,Lynnea.Dahlia@gmail.com,developer,Lynnea.Dahlia@yopmail.com
423,Stevana,Teddman,Stevana.Teddman@gmail.com,developer,Stevana.Teddman@yopmail.com
424,Bobbi,Rooney,Bobbi.Rooney@gmail.com,worker,Bobbi.Rooney@yopmail.com
425,Carmela,McGrody,Carmela.McGrody@gmail.com,firefighter,Carmela.McGrody@yopmail.com
426,Florencia,Ade,Florencia.Ade@gmail.com,police officer,Florencia.Ade@yopmail.com
427,Leia,Delp,Leia.Delp@gmail.com,developer,Leia.Delp@yopmail.com
428,Pearline,Ambrosia,Pearline.Ambrosia@gmail.com,firefighter,Pearline.Ambrosia@yopmail.com
429,Jemie,Lytton,Jemie.Lytton@gmail.com,doctor,Jemie.Lytton@yopmail.com
430,Frieda,Berne,Frieda.Berne@gmail.com,police officer,Frieda.Berne@yopmail.com
431,Keelia,Suzetta,Keelia.Suzetta@gmail.com,police officer,Keelia.Suzetta@yopmail.com
432,Benita,Bertold,Benita.Bertold@gmail.com,firefighter,Benita.Bertold@yopmail.com
433,Minda,Roumell,Minda.Roumell@gmail.com,firefighter,Minda.Roumell@yopmail.com
434,Roz,Herrera,Roz.Herrera@gmail.com,police officer,Roz.Herrera@yopmail.com
435,Vivia,Idelia,Vivia.Idelia@gmail.com,firefighter,Vivia.Idelia@yopmail.com
436,Arlena,Suk,Arlena.Suk@gmail.com,police officer,Arlena.Suk@yopmail.com
437,Nannie,Cressida,Nannie.Cressida@gmail.com,police officer,Nannie.Cressida@yopmail.com
438,Evita,Prober,Evita.Prober@gmail.com,firefighter,Evita.Prober@yopmail.com
439,Candi,Koziara,Candi.Koziara@gmail.com,police officer,Candi.Koziara@yopmail.com
440,Dolli,Zenas,Dolli.Zenas@gmail.com,police officer,Dolli.Zenas@yopmail.com
441,Selia,Talia,Selia.Talia@gmail.com,worker,Selia.Talia@yopmail.com
442,Libbie,Dearborn,Libbie.Dearborn@gmail.com,doctor,Libbie.Dearborn@yopmail.com
443,Viki,Stelle,Viki.Stelle@gmail.com,worker,Viki.Stelle@yopmail.com
444,Florie,Monk,Florie.Monk@gmail.com,worker,Florie.Monk@yopmail.com
445,Elora,Letsou,Elora.Letsou@gmail.com,worker,Elora.Letsou@yopmail.com
446,Harrietta,Ehrman,Harrietta.Ehrman@gmail.com,police officer,Harrietta.Ehrman@yopmail.com
447,Sybille,Medrek,Sybille.Medrek@gmail.com,worker,Sybille.Medrek@yopmail.com
448,Layla,Henrie,Layla.Henrie@gmail.com,police officer,Layla.Henrie@yopmail.com
449,Dominga,Drisko,Dominga.Drisko@gmail.com,police officer,Dominga.Drisko@yopmail.com
450,Valeda,Hanshaw,Valeda.Hanshaw@gmail.com,firefighter,Valeda.Hanshaw@yopmail.com
451,Lexine,Beebe,Lexine.Beebe@gmail.com,firefighter,Lexine.Beebe@yopmail.com
452,Lory,Daniele,Lory.Daniele@gmail.com,firefighter,Lory.Daniele@yopmail.com
453,Kenna,Keily,Kenna.Keily@gmail.com,worker,Kenna.Keily@yopmail.com
454,Candi,Grayce,Candi.Grayce@gmail.com,worker,Candi.Grayce@yopmail.com
455,Dorice,Raychel,Dorice.Raychel@gmail.com,developer,Dorice.Raychel@yopmail.com
456,Delilah,Gino,Delilah.Gino@gmail.com,doctor,Delilah.Gino@yopmail.com
457,Jacenta,Joli,Jacenta.Joli@gmail.com,developer,Jacenta.Joli@yopmail.com
458,Raina,Tiffa,Raina.Tiffa@gmail.com,worker,Raina.Tiffa@yopmail.com
459,Elmira,Moina,Elmira.Moina@gmail.com,worker,Elmira.Moina@yopmail.com
460,Ethel,Shelba,Ethel.Shelba@gmail.com,firefighter,Ethel.Shelba@yopmail.com
461,Reeba,Heisel,Reeba.Heisel@gmail.com,police officer,Reeba.Heisel@yopmail.com
462,Joleen,Leler,Joleen.Leler@gmail.com,developer,Joleen.Leler@yopmail.com
463,Kamilah,Gaulin,Kamilah.Gaulin@gmail.com,developer,Kamilah.Gaulin@yopmail.com
464,Yvonne,Hieronymus,Yvonne.Hieronymus@gmail.com,worker,Yvonne.Hieronymus@yopmail.com
465,Kristan,Socha,Kristan.Socha@gmail.com,doctor,Kristan.Socha@yopmail.com
466,Bee,Drisko,Bee.Drisko@gmail.com,doctor,Bee.Drisko@yopmail.com
467,Beverley,Lunsford,Beverley.Lunsford@gmail.com,firefighter,Beverley.Lunsford@yopmail.com
468,Amelia,Howlyn,Amelia.Howlyn@gmail.com,developer,Amelia.Howlyn@yopmail.com
469,Lolita,Delp,Lolita.Delp@gmail.com,doctor,Lolita.Delp@yopmail.com
470,Bobinette,Yuille,Bobinette.Yuille@gmail.com,developer,Bobinette.Yuille@yopmail.com
471,Tina,Slifka,Tina.Slifka@gmail.com,firefighter,Tina.Slifka@yopmail.com
472,Audrie,Screens,Audrie.Screens@gmail.com,firefighter,Audrie.Screens@yopmail.com
473,Sophia,Rubie,Sophia.Rubie@gmail.com,worker,Sophia.Rubie@yopmail.com
474,Tomasina,Danby,Tomasina.Danby@gmail.com,developer,Tomasina.Danby@yopmail.com
475,Ebonee,Moseley,Ebonee.Moseley@gmail.com,firefighter,Ebonee.Moseley@yopmail.com
476,Margette,Flyn,Margette.Flyn@gmail.com,firefighter,Margette.Flyn@yopmail.com
477,Chrystel,Linskey,Chrystel.Linskey@gmail.com,developer,Chrystel.Linskey@yopmail.com
478,Cassandra,Kathie,Cassandra.Kathie@gmail.com,police officer,Cassandra.Kathie@yopmail.com
479,Caritta,Lemuela,Caritta.Lemuela@gmail.com,developer,Caritta.Lemuela@yopmail.com
480,Madalyn,Albertine,Madalyn.Albertine@gmail.com,doctor,Madalyn.Albertine@yopmail.com
481,Anthia,Emanuel,Anthia.Emanuel@gmail.com,firefighter,Anthia.Emanuel@yopmail.com
482,Corina,Norrie,Corina.Norrie@gmail.com,firefighter,Corina.Norrie@yopmail.com
483,Leanna,Penelopa,Leanna.Penelopa@gmail.com,developer,Leanna.Penelopa@yopmail.com
484,Liana,Goerke,Liana.Goerke@gmail.com,firefighter,Liana.Goerke@yopmail.com
485,Barbara,Forrer,Barbara.Forrer@gmail.com,firefighter,Barbara.Forrer@yopmail.com
486,Dulce,Eliathas,Dulce.Eliathas@gmail.com,worker,Dulce.Eliathas@yopmail.com
487,Minda,Brunell,Minda.Brunell@gmail.com,police officer,Minda.Brunell@yopmail.com
488,Angela,Parette,Angela.Parette@gmail.com,police officer,Angela.Parette@yopmail.com
489,Annabela,Trace,Annabela.Trace@gmail.com,developer,Annabela.Trace@yopmail.com
490,Fred,Ailyn,Fred.Ailyn@gmail.com,firefighter,Fred.Ailyn@yopmail.com
491,Ericka,Jacobah,Ericka.Jacobah@gmail.com,worker,Ericka.Jacobah@yopmail.com
492,Rosene,Gillan,Rosene.Gillan@gmail.com,police officer,Rosene.Gillan@yopmail.com
493,Rosanne,Autrey,Rosanne.Autrey@gmail.com,police officer,Rosanne.Autrey@yopmail.com
494,Eolanda,Hermes,Eolanda.Hermes@gmail.com,police officer,Eolanda.Hermes@yopmail.com
495,Cherrita,Haerr,Cherrita.Haerr@gmail.com,police officer,Cherrita.Haerr@yopmail.com
496,Kristan,Teryn,Kristan.Teryn@gmail.com,firefighter,Kristan.Teryn@yopmail.com
497,Miquela,Bashemeth,Miquela.Bashemeth@gmail.com,police officer,Miquela.Bashemeth@yopmail.com
498,Meg,Halla,Meg.Halla@gmail.com,firefighter,Meg.Halla@yopmail.com
499,Annabela,Candy,Annabela.Candy@gmail.com,police officer,Annabela.Candy@yopmail.com
500,Modestia,Carmena,Modestia.Carmena@gmail.com,firefighter,Modestia.Carmena@yopmail.com
501,Verla,Hollingsworth,Verla.Hollingsworth@gmail.com,police officer,Verla.Hollingsworth@yopmail.com
502,Eve,Ailyn,Eve.Ailyn@gmail.com,doctor,Eve.Ailyn@yopmail.com
503,June,Edvard,June.Edvard@gmail.com,firefighter,June.Edvard@yopmail.com
504,Philis,Raseda,Philis.Raseda@gmail.com,doctor,Philis.Raseda@yopmail.com
505,Sherrie,Xerxes,Sherrie.Xerxes@gmail.com,firefighter,Sherrie.Xerxes@yopmail.com
506,Fernande,Jerald,Fernande.Jerald@gmail.com,firefighter,Fernande.Jerald@yopmail.com
507,Grier,Hepsibah,Grier.Hepsibah@gmail.com,doctor,Grier.Hepsibah@yopmail.com
508,Lorie,Hebner,Lorie.Hebner@gmail.com,firefighter,Lorie.Hebner@yopmail.com
509,Maud,Reneta,Maud.Reneta@gmail.com,police officer,Maud.Reneta@yopmail.com
510,Rebeca,Claudine,Rebeca.Claudine@gmail.com,worker,Rebeca.Claudine@yopmail.com
511,Ilse,Earlie,Ilse.Earlie@gmail.com,developer,Ilse.Earlie@yopmail.com
512,Shirlee,Urias,Shirlee.Urias@gmail.com,police officer,Shirlee.Urias@yopmail.com
513,Oona,Barbey,Oona.Barbey@gmail.com,police officer,Oona.Barbey@yopmail.com
514,Carlie,Zina,Carlie.Zina@gmail.com,worker,Carlie.Zina@yopmail.com
515,Hollie,Shelba,Hollie.Shelba@gmail.com,worker,Hollie.Shelba@yopmail.com
516,Starla,Mandler,Starla.Mandler@gmail.com,developer,Starla.Mandler@yopmail.com
517,Benita,Tamsky,Benita.Tamsky@gmail.com,firefighter,Benita.Tamsky@yopmail.com
518,Lacie,Fitzsimmons,Lacie.Fitzsimmons@gmail.com,police officer,Lacie.Fitzsimmons@yopmail.com
519,Joelly,Gaal,Joelly.Gaal@gmail.com,worker,Joelly.Gaal@yopmail.com
520,Chastity,Durware,Chastity.Durware@gmail.com,developer,Chastity.Durware@yopmail.com
521,Raina,Secrest,Raina.Secrest@gmail.com,developer,Raina.Secrest@yopmail.com
522,Minne,Kinnard,Minne.Kinnard@gmail.com,developer,Minne.Kinnard@yopmail.com
523,Feliza,Joseph,Feliza.Joseph@gmail.com,worker,Feliza.Joseph@yopmail.com
524,Kara-Lynn,Berl,Kara-Lynn.Berl@gmail.com,developer,Kara-Lynn.Berl@yopmail.com
525,Tressa,Xerxes,Tressa.Xerxes@gmail.com,doctor,Tressa.Xerxes@yopmail.com
526,Valeda,Adore,Valeda.Adore@gmail.com,doctor,Valeda.Adore@yopmail.com
527,Kelly,Tjon,Kelly.Tjon@gmail.com,firefighter,Kelly.Tjon@yopmail.com
528,Korrie,Mike,Korrie.Mike@gmail.com,developer,Korrie.Mike@yopmail.com
529,Lorenza,Vorster,Lorenza.Vorster@gmail.com,doctor,Lorenza.Vorster@yopmail.com
530,Helena,Carleen,Helena.Carleen@gmail.com,developer,Helena.Carleen@yopmail.com
531,Glynnis,Malina,Glynnis.Malina@gmail.com,developer,Glynnis.Malina@yopmail.com
532,Roxane,Darrell,Roxane.Darrell@gmail.com,firefighter,Roxane.Darrell@yopmail.com
533,Vinita,Dyche,Vinita.Dyche@gmail.com,police officer,Vinita.Dyche@yopmail.com
534,Danika,Vorster,Danika.Vorster@gmail.com,firefighter,Danika.Vorster@yopmail.com
535,Nickie,Ciapas,Nickie.Ciapas@gmail.com,firefighter,Nickie.Ciapas@yopmail.com
536,Alie,Mathilde,Alie.Mathilde@gmail.com,firefighter,Alie.Mathilde@yopmail.com
537,Winny,Martsen,Winny.Martsen@gmail.com,police officer,Winny.Martsen@yopmail.com
538,Shirlee,Stelle,Shirlee.Stelle@gmail.com,developer,Shirlee.Stelle@yopmail.com
539,Rosaline,Munn,Rosaline.Munn@gmail.com,firefighter,Rosaline.Munn@yopmail.com
540,Courtnay,Atonsah,Courtnay.Atonsah@gmail.com,police officer,Courtnay.Atonsah@yopmail.com
541,Steffane,Kat,Steffane.Kat@gmail.com,developer,Steffane.Kat@yopmail.com
542,Taffy,Gabrielli,Taffy.Gabrielli@gmail.com,doctor,Taffy.Gabrielli@yopmail.com
543,Charmaine,Couture,Charmaine.Couture@gmail.com,doctor,Charmaine.Couture@yopmail.com
544,Lesly,Rozanna,Lesly.Rozanna@gmail.com,developer,Lesly.Rozanna@yopmail.com
545,Lizzie,Eachern,Lizzie.Eachern@gmail.com,firefighter,Lizzie.Eachern@yopmail.com
546,Stacey,Gualtiero,Stacey.Gualtiero@gmail.com,firefighter,Stacey.Gualtiero@yopmail.com
547,Ayn,Evvie,Ayn.Evvie@gmail.com,doctor,Ayn.Evvie@yopmail.com
548,Alyda,Joseph,Alyda.Joseph@gmail.com,worker,Alyda.Joseph@yopmail.com
549,Barbi,Docilla,Barbi.Docilla@gmail.com,doctor,Barbi.Docilla@yopmail.com
550,Kellen,Read,Kellen.Read@gmail.com,worker,Kellen.Read@yopmail.com
551,Leontine,Ries,Leontine.Ries@gmail.com,doctor,Leontine.Ries@yopmail.com
552,Henriette,Monaco,Henriette.Monaco@gmail.com,firefighter,Henriette.Monaco@yopmail.com
553,Britni,Klemperer,Britni.Klemperer@gmail.com,doctor,Britni.Klemperer@yopmail.com
554,Norine,Pacorro,Norine.Pacorro@gmail.com,worker,Norine.Pacorro@yopmail.com
555,Grier,Kendrick,Grier.Kendrick@gmail.com,police officer,Grier.Kendrick@yopmail.com
556,Madeleine,Lamoree,Madeleine.Lamoree@gmail.com,doctor,Madeleine.Lamoree@yopmail.com
557,Rebeca,Goddard,Rebeca.Goddard@gmail.com,firefighter,Rebeca.Goddard@yopmail.com
558,Sindee,Wilkinson,Sindee.Wilkinson@gmail.com,developer,Sindee.Wilkinson@yopmail.com
559,Edee,Socha,Edee.Socha@gmail.com,police officer,Edee.Socha@yopmail.com
560,Rhoda,Pettiford,Rhoda.Pettiford@gmail.com,developer,Rhoda.Pettiford@yopmail.com
561,Flo,Adrienne,Flo.Adrienne@gmail.com,developer,Flo.Adrienne@yopmail.com
562,Wynne,Trinetta,Wynne.Trinetta@gmail.com,doctor,Wynne.Trinetta@yopmail.com
563,Alleen,Dannye,Alleen.Dannye@gmail.com,police officer,Alleen.Dannye@yopmail.com
564,Rosabelle,Vale,Rosabelle.Vale@gmail.com,worker,Rosabelle.Vale@yopmail.com
565,Viviene,Hurley,Viviene.Hurley@gmail.com,police officer,Viviene.Hurley@yopmail.com
566,Alisha,Huggins,Alisha.Huggins@gmail.com,developer,Alisha.Huggins@yopmail.com
567,Delilah,Anselmi,Delilah.Anselmi@gmail.com,police officer,Delilah.Anselmi@yopmail.com
568,Marguerite,Grayce,Marguerite.Grayce@gmail.com,developer,Marguerite.Grayce@yopmail.com
569,Leeanne,Anestassia,Leeanne.Anestassia@gmail.com,developer,Leeanne.Anestassia@yopmail.com
570,Eadie,Standing,Eadie.Standing@gmail.com,worker,Eadie.Standing@yopmail.com
571,Briney,Ardeha,Briney.Ardeha@gmail.com,worker,Briney.Ardeha@yopmail.com
572,Perry,Phyllis,Perry.Phyllis@gmail.com,developer,Perry.Phyllis@yopmail.com
573,Micheline,Phyllis,Micheline.Phyllis@gmail.com,police officer,Micheline.Phyllis@yopmail.com
574,Sonni,Malanie,Sonni.Malanie@gmail.com,worker,Sonni.Malanie@yopmail.com
575,Gisela,Pip,Gisela.Pip@gmail.com,firefighter,Gisela.Pip@yopmail.com
576,Sharai,Elbertina,Sharai.Elbertina@gmail.com,doctor,Sharai.Elbertina@yopmail.com
577,Dorice,Brodench,Dorice.Brodench@gmail.com,firefighter,Dorice.Brodench@yopmail.com
578,Kerrin,Bethany,Kerrin.Bethany@gmail.com,firefighter,Kerrin.Bethany@yopmail.com
579,Dominga,Adamsen,Dominga.Adamsen@gmail.com,developer,Dominga.Adamsen@yopmail.com
580,Tera,Pip,Tera.Pip@gmail.com,police officer,Tera.Pip@yopmail.com
581,Deirdre,Rese,Deirdre.Rese@gmail.com,worker,Deirdre.Rese@yopmail.com
582,Berget,Docilla,Berget.Docilla@gmail.com,doctor,Berget.Docilla@yopmail.com
583,Taffy,Winnick,Taffy.Winnick@gmail.com,developer,Taffy.Winnick@yopmail.com
584,Amara,Prober,Amara.Prober@gmail.com,worker,Amara.Prober@yopmail.com
585,Aaren,Billye,Aaren.Billye@gmail.com,developer,Aaren.Billye@yopmail.com
586,Dolli,Rurik,Dolli.Rurik@gmail.com,police officer,Dolli.Rurik@yopmail.com
587,Marita,Pozzy,Marita.Pozzy@gmail.com,worker,Marita.Pozzy@yopmail.com
588,Hermione,Sheedy,Hermione.Sheedy@gmail.com,firefighter,Hermione.Sheedy@yopmail.com
589,Teriann,Eno,Teriann.Eno@gmail.com,worker,Teriann.Eno@yopmail.com
590,Feliza,Pulsifer,Feliza.Pulsifer@gmail.com,worker,Feliza.Pulsifer@yopmail.com
591,Hildegaard,Jenness,Hildegaard.Jenness@gmail.com,worker,Hildegaard.Jenness@yopmail.com
592,Nelle,Screens,Nelle.Screens@gmail.com,doctor,Nelle.Screens@yopmail.com
593,Atlanta,Lymann,Atlanta.Lymann@gmail.com,police officer,Atlanta.Lymann@yopmail.com
594,Augustine,Lail,Augustine.Lail@gmail.com,police officer,Augustine.Lail@yopmail.com
595,Sandie,Ahab,Sandie.Ahab@gmail.com,developer,Sandie.Ahab@yopmail.com
596,Darci,Urias,Darci.Urias@gmail.com,developer,Darci.Urias@yopmail.com
597,Jaclyn,Randene,Jaclyn.Randene@gmail.com,firefighter,Jaclyn.Randene@yopmail.com
598,Adriana,Havens,Adriana.Havens@gmail.com,worker,Adriana.Havens@yopmail.com
599,Arlena,Engdahl,Arlena.Engdahl@gmail.com,firefighter,Arlena.Engdahl@yopmail.com
600,Ariela,Dalli,Ariela.Dalli@gmail.com,firefighter,Ariela.Dalli@yopmail.com
601,Katleen,Forrer,Katleen.Forrer@gmail.com,firefighter,Katleen.Forrer@yopmail.com
602,Raquela,Kelula,Raquela.Kelula@gmail.com,worker,Raquela.Kelula@yopmail.com
603,Roz,Chick,Roz.Chick@gmail.com,developer,Roz.Chick@yopmail.com
604,Iseabal,Sikorski,Iseabal.Sikorski@gmail.com,worker,Iseabal.Sikorski@yopmail.com
605,Darlleen,Daniele,Darlleen.Daniele@gmail.com,worker,Darlleen.Daniele@yopmail.com
606,Ermengarde,Pond,Ermengarde.Pond@gmail.com,worker,Ermengarde.Pond@yopmail.com
607,Dorthy,Stanwood,Dorthy.Stanwood@gmail.com,police officer,Dorthy.Stanwood@yopmail.com
608,Lusa,Pond,Lusa.Pond@gmail.com,firefighter,Lusa.Pond@yopmail.com
609,Sallie,Janene,Sallie.Janene@gmail.com,police officer,Sallie.Janene@yopmail.com
610,Eugine,Berne,Eugine.Berne@gmail.com,developer,Eugine.Berne@yopmail.com
611,Beatriz,Raul,Beatriz.Raul@gmail.com,developer,Beatriz.Raul@yopmail.com
612,Donnie,McCutcheon,Donnie.McCutcheon@gmail.com,police officer,Donnie.McCutcheon@yopmail.com
613,Eve,Chabot,Eve.Chabot@gmail.com,doctor,Eve.Chabot@yopmail.com
614,Kathi,Stav,Kathi.Stav@gmail.com,firefighter,Kathi.Stav@yopmail.com
615,Kary,Wilkinson,Kary.Wilkinson@gmail.com,worker,Kary.Wilkinson@yopmail.com
616,Nita,Jess,Nita.Jess@gmail.com,police officer,Nita.Jess@yopmail.com
617,Augustine,Adalbert,Augustine.Adalbert@gmail.com,police officer,Augustine.Adalbert@yopmail.com
618,Jacquetta,Septima,Jacquetta.Septima@gmail.com,doctor,Jacquetta.Septima@yopmail.com
619,Dorothy,Rheingold,Dorothy.Rheingold@gmail.com,police officer,Dorothy.Rheingold@yopmail.com
620,Amara,Rese,Amara.Rese@gmail.com,developer,Amara.Rese@yopmail.com
621,Barbi,Ries,Barbi.Ries@gmail.com,police officer,Barbi.Ries@yopmail.com
622,Augustine,Kevon,Augustine.Kevon@gmail.com,doctor,Augustine.Kevon@yopmail.com
623,Di,Weide,Di.Weide@gmail.com,police officer,Di.Weide@yopmail.com
624,Susan,Odysseus,Susan.Odysseus@gmail.com,worker,Susan.Odysseus@yopmail.com
625,Bibby,Sibyls,Bibby.Sibyls@gmail.com,firefighter,Bibby.Sibyls@yopmail.com
626,Wynne,Sophronia,Wynne.Sophronia@gmail.com,firefighter,Wynne.Sophronia@yopmail.com
627,Linzy,Cutlerr,Linzy.Cutlerr@gmail.com,developer,Linzy.Cutlerr@yopmail.com
628,Letizia,Albertine,Letizia.Albertine@gmail.com,doctor,Letizia.Albertine@yopmail.com
629,Lulita,Salchunas,Lulita.Salchunas@gmail.com,worker,Lulita.Salchunas@yopmail.com
630,Ethel,Goerke,Ethel.Goerke@gmail.com,worker,Ethel.Goerke@yopmail.com
631,Ekaterina,Schalles,Ekaterina.Schalles@gmail.com,firefighter,Ekaterina.Schalles@yopmail.com
632,Allis,Demitria,Allis.Demitria@gmail.com,worker,Allis.Demitria@yopmail.com
633,Madelle,Fontana,Madelle.Fontana@gmail.com,police officer,Madelle.Fontana@yopmail.com
634,Shel,Kendrick,Shel.Kendrick@gmail.com,developer,Shel.Kendrick@yopmail.com
635,Dawn,Merna,Dawn.Merna@gmail.com,police officer,Dawn.Merna@yopmail.com
636,Debee,Warthman,Debee.Warthman@gmail.com,firefighter,Debee.Warthman@yopmail.com
637,Chere,Joli,Chere.Joli@gmail.com,firefighter,Chere.Joli@yopmail.com
638,Kristan,Ioab,Kristan.Ioab@gmail.com,developer,Kristan.Ioab@yopmail.com
639,Viki,Wallis,Viki.Wallis@gmail.com,worker,Viki.Wallis@yopmail.com
640,Daphne,Kauppi,Daphne.Kauppi@gmail.com,doctor,Daphne.Kauppi@yopmail.com
641,Dorene,Kat,Dorene.Kat@gmail.com,worker,Dorene.Kat@yopmail.com
642,Gloria,Baudin,Gloria.Baudin@gmail.com,firefighter,Gloria.Baudin@yopmail.com
643,Bibby,Dichy,Bibby.Dichy@gmail.com,police officer,Bibby.Dichy@yopmail.com
644,Bettine,Wilona,Bettine.Wilona@gmail.com,firefighter,Bettine.Wilona@yopmail.com
645,Christal,Wildermuth,Christal.Wildermuth@gmail.com,doctor,Christal.Wildermuth@yopmail.com
646,Corry,Neils,Corry.Neils@gmail.com,doctor,Corry.Neils@yopmail.com
647,Alameda,Codding,Alameda.Codding@gmail.com,firefighter,Alameda.Codding@yopmail.com
648,Cindelyn,Chesna,Cindelyn.Chesna@gmail.com,doctor,Cindelyn.Chesna@yopmail.com
649,Hollie,Boehike,Hollie.Boehike@gmail.com,firefighter,Hollie.Boehike@yopmail.com
650,Teriann,Linskey,Teriann.Linskey@gmail.com,developer,Teriann.Linskey@yopmail.com
651,Eadie,Paton,Eadie.Paton@gmail.com,firefighter,Eadie.Paton@yopmail.com
652,Morganica,Jess,Morganica.Jess@gmail.com,police officer,Morganica.Jess@yopmail.com
653,Bernardine,O'Neill,Bernardine.O'Neill@gmail.com,police officer,Bernardine.O'Neill@yopmail.com
654,Frieda,Smitt,Frieda.Smitt@gmail.com,police officer,Frieda.Smitt@yopmail.com
655,Ariela,Adrienne,Ariela.Adrienne@gmail.com,doctor,Ariela.Adrienne@yopmail.com
656,Ulrike,Ummersen,Ulrike.Ummersen@gmail.com,police officer,Ulrike.Ummersen@yopmail.com
657,Katuscha,Gamaliel,Katuscha.Gamaliel@gmail.com,doctor,Katuscha.Gamaliel@yopmail.com
658,Quintina,Hailee,Quintina.Hailee@gmail.com,worker,Quintina.Hailee@yopmail.com
659,Gusty,Persse,Gusty.Persse@gmail.com,police officer,Gusty.Persse@yopmail.com
660,Margette,Friede,Margette.Friede@gmail.com,police officer,Margette.Friede@yopmail.com
661,Grier,Ventre,Grier.Ventre@gmail.com,firefighter,Grier.Ventre@yopmail.com
662,Corly,Faro,Corly.Faro@gmail.com,worker,Corly.Faro@yopmail.com
663,Jenda,Rillings,Jenda.Rillings@gmail.com,firefighter,Jenda.Rillings@yopmail.com
664,Daune,Alejoa,Daune.Alejoa@gmail.com,firefighter,Daune.Alejoa@yopmail.com
665,Drucie,Lanita,Drucie.Lanita@gmail.com,firefighter,Drucie.Lanita@yopmail.com
666,Aaren,Nance,Aaren.Nance@gmail.com,firefighter,Aaren.Nance@yopmail.com
667,Jacquetta,Ursulette,Jacquetta.Ursulette@gmail.com,doctor,Jacquetta.Ursulette@yopmail.com
668,Kary,Lauraine,Kary.Lauraine@gmail.com,firefighter,Kary.Lauraine@yopmail.com
669,Tersina,Tyson,Tersina.Tyson@gmail.com,developer,Tersina.Tyson@yopmail.com
670,Ottilie,Gilbertson,Ottilie.Gilbertson@gmail.com,firefighter,Ottilie.Gilbertson@yopmail.com
671,Shel,Ambrosia,Shel.Ambrosia@gmail.com,police officer,Shel.Ambrosia@yopmail.com
672,Christian,Gwenore,Christian.Gwenore@gmail.com,worker,Christian.Gwenore@yopmail.com
673,Britni,Smitt,Britni.Smitt@gmail.com,police officer,Britni.Smitt@yopmail.com
674,Ethel,Evvie,Ethel.Evvie@gmail.com,developer,Ethel.Evvie@yopmail.com
675,Deedee,Sigfrid,Deedee.Sigfrid@gmail.com,firefighter,Deedee.Sigfrid@yopmail.com
676,Letizia,Rona,Letizia.Rona@gmail.com,doctor,Letizia.Rona@yopmail.com
677,Neila,Roumell,Neila.Roumell@gmail.com,developer,Neila.Roumell@yopmail.com
678,Gabi,Wandie,Gabi.Wandie@gmail.com,worker,Gabi.Wandie@yopmail.com
679,Florencia,Ellord,Florencia.Ellord@gmail.com,police officer,Florencia.Ellord@yopmail.com
680,Livvyy,Charity,Livvyy.Charity@gmail.com,firefighter,Livvyy.Charity@yopmail.com
681,Lucy,Leifeste,Lucy.Leifeste@gmail.com,doctor,Lucy.Leifeste@yopmail.com
682,Malina,Cloris,Malina.Cloris@gmail.com,police officer,Malina.Cloris@yopmail.com
683,Madeleine,Peonir,Madeleine.Peonir@gmail.com,developer,Madeleine.Peonir@yopmail.com
684,Layla,Guthrie,Layla.Guthrie@gmail.com,firefighter,Layla.Guthrie@yopmail.com
685,Tybie,Soneson,Tybie.Soneson@gmail.com,doctor,Tybie.Soneson@yopmail.com
686,Lorie,McNully,Lorie.McNully@gmail.com,doctor,Lorie.McNully@yopmail.com
687,Aeriela,Fancie,Aeriela.Fancie@gmail.com,developer,Aeriela.Fancie@yopmail.com
688,Cyb,Sikorski,Cyb.Sikorski@gmail.com,firefighter,Cyb.Sikorski@yopmail.com
689,Harmonia,Gerge,Harmonia.Gerge@gmail.com,police officer,Harmonia.Gerge@yopmail.com
690,Ariela,Linehan,Ariela.Linehan@gmail.com,police officer,Ariela.Linehan@yopmail.com
691,Cyndie,Weitman,Cyndie.Weitman@gmail.com,developer,Cyndie.Weitman@yopmail.com
692,Lyssa,Henrie,Lyssa.Henrie@gmail.com,developer,Lyssa.Henrie@yopmail.com
693,Ricky,Behre,Ricky.Behre@gmail.com,worker,Ricky.Behre@yopmail.com
694,Cathyleen,Durante,Cathyleen.Durante@gmail.com,developer,Cathyleen.Durante@yopmail.com
695,Angela,Johanna,Angela.Johanna@gmail.com,developer,Angela.Johanna@yopmail.com
696,Briney,Weide,Briney.Weide@gmail.com,developer,Briney.Weide@yopmail.com
697,Bill,Dannye,Bill.Dannye@gmail.com,firefighter,Bill.Dannye@yopmail.com
698,Marcelline,Sparhawk,Marcelline.Sparhawk@gmail.com,developer,Marcelline.Sparhawk@yopmail.com
699,Ira,Claudine,Ira.Claudine@gmail.com,developer,Ira.Claudine@yopmail.com
700,Joleen,Ulphia,Joleen.Ulphia@gmail.com,worker,Joleen.Ulphia@yopmail.com
701,Elbertina,Callista,Elbertina.Callista@gmail.com,developer,Elbertina.Callista@yopmail.com
702,Nikki,Vernier,Nikki.Vernier@gmail.com,doctor,Nikki.Vernier@yopmail.com
703,Valli,Turne,Valli.Turne@gmail.com,police officer,Valli.Turne@yopmail.com
704,Rebeca,Aida,Rebeca.Aida@gmail.com,worker,Rebeca.Aida@yopmail.com
705,Kirbee,Joseph,Kirbee.Joseph@gmail.com,worker,Kirbee.Joseph@yopmail.com
706,Cathyleen,Strephon,Cathyleen.Strephon@gmail.com,worker,Cathyleen.Strephon@yopmail.com
707,Berget,Nahum,Berget.Nahum@gmail.com,doctor,Berget.Nahum@yopmail.com
708,Belinda,Raychel,Belinda.Raychel@gmail.com,firefighter,Belinda.Raychel@yopmail.com
709,Danny,Jalbert,Danny.Jalbert@gmail.com,police officer,Danny.Jalbert@yopmail.com
710,Nessie,Emerson,Nessie.Emerson@gmail.com,doctor,Nessie.Emerson@yopmail.com
711,Kimberley,Ruvolo,Kimberley.Ruvolo@gmail.com,police officer,Kimberley.Ruvolo@yopmail.com
712,Miquela,Edison,Miquela.Edison@gmail.com,developer,Miquela.Edison@yopmail.com
713,Desirae,Phaidra,Desirae.Phaidra@gmail.com,developer,Desirae.Phaidra@yopmail.com
714,Bobinette,Craggie,Bobinette.Craggie@gmail.com,developer,Bobinette.Craggie@yopmail.com
715,Yetty,Hertzfeld,Yetty.Hertzfeld@gmail.com,firefighter,Yetty.Hertzfeld@yopmail.com
716,Elena,Neils,Elena.Neils@gmail.com,police officer,Elena.Neils@yopmail.com
717,Neila,Connelly,Neila.Connelly@gmail.com,doctor,Neila.Connelly@yopmail.com
718,Trudie,Suk,Trudie.Suk@gmail.com,firefighter,Trudie.Suk@yopmail.com
719,Correy,Amasa,Correy.Amasa@gmail.com,police officer,Correy.Amasa@yopmail.com
720,Layla,Alrich,Layla.Alrich@gmail.com,doctor,Layla.Alrich@yopmail.com
721,Ivett,Karylin,Ivett.Karylin@gmail.com,police officer,Ivett.Karylin@yopmail.com
722,Dianemarie,Hathaway,Dianemarie.Hathaway@gmail.com,developer,Dianemarie.Hathaway@yopmail.com
723,Jenilee,Haerr,Jenilee.Haerr@gmail.com,worker,Jenilee.Haerr@yopmail.com
724,Cassondra,Newell,Cassondra.Newell@gmail.com,firefighter,Cassondra.Newell@yopmail.com
725,Mara,Maisey,Mara.Maisey@gmail.com,firefighter,Mara.Maisey@yopmail.com
726,Jobi,Goldina,Jobi.Goldina@gmail.com,firefighter,Jobi.Goldina@yopmail.com
727,Ottilie,Modie,Ottilie.Modie@gmail.com,developer,Ottilie.Modie@yopmail.com
728,Marika,Hewitt,Marika.Hewitt@gmail.com,police officer,Marika.Hewitt@yopmail.com
729,Leia,Gladstone,Leia.Gladstone@gmail.com,worker,Leia.Gladstone@yopmail.com
730,Anestassia,Nickola,Anestassia.Nickola@gmail.com,developer,Anestassia.Nickola@yopmail.com
731,Aryn,Jess,Aryn.Jess@gmail.com,firefighter,Aryn.Jess@yopmail.com
732,Dianemarie,Phi,Dianemarie.Phi@gmail.com,firefighter,Dianemarie.Phi@yopmail.com
733,Christal,Cornelia,Christal.Cornelia@gmail.com,doctor,Christal.Cornelia@yopmail.com
734,Chloris,Astra,Chloris.Astra@gmail.com,police officer,Chloris.Astra@yopmail.com
735,Aaren,Cath,Aaren.Cath@gmail.com,worker,Aaren.Cath@yopmail.com
736,Sherrie,Francene,Sherrie.Francene@gmail.com,firefighter,Sherrie.Francene@yopmail.com
737,Gilda,Maxi,Gilda.Maxi@gmail.com,worker,Gilda.Maxi@yopmail.com
738,Addia,Land,Addia.Land@gmail.com,developer,Addia.Land@yopmail.com
739,Hildegaard,Valoniah,Hildegaard.Valoniah@gmail.com,police officer,Hildegaard.Valoniah@yopmail.com
740,Janeczka,Ephrem,Janeczka.Ephrem@gmail.com,police officer,Janeczka.Ephrem@yopmail.com
741,Rebeca,Amand,Rebeca.Amand@gmail.com,firefighter,Rebeca.Amand@yopmail.com
742,Alleen,Kravits,Alleen.Kravits@gmail.com,doctor,Alleen.Kravits@yopmail.com
743,Rori,Poppy,Rori.Poppy@gmail.com,doctor,Rori.Poppy@yopmail.com
744,Layla,Bandeen,Layla.Bandeen@gmail.com,firefighter,Layla.Bandeen@yopmail.com
745,Nikki,Esmaria,Nikki.Esmaria@gmail.com,doctor,Nikki.Esmaria@yopmail.com
746,Rhea,Old,Rhea.Old@gmail.com,firefighter,Rhea.Old@yopmail.com
747,Dede,Warthman,Dede.Warthman@gmail.com,police officer,Dede.Warthman@yopmail.com
748,Nataline,Olnee,Nataline.Olnee@gmail.com,firefighter,Nataline.Olnee@yopmail.com
749,Helsa,Fredi,Helsa.Fredi@gmail.com,firefighter,Helsa.Fredi@yopmail.com
750,Kathy,Olympium,Kathy.Olympium@gmail.com,worker,Kathy.Olympium@yopmail.com
751,Donetta,Stuart,Donetta.Stuart@gmail.com,developer,Donetta.Stuart@yopmail.com
752,Briney,Tound,Briney.Tound@gmail.com,doctor,Briney.Tound@yopmail.com
753,Dorthy,Bultman,Dorthy.Bultman@gmail.com,firefighter,Dorthy.Bultman@yopmail.com
754,Allyce,Seumas,Allyce.Seumas@gmail.com,doctor,Allyce.Seumas@yopmail.com
755,Belinda,Telfer,Belinda.Telfer@gmail.com,worker,Belinda.Telfer@yopmail.com
756,Lanna,Byrne,Lanna.Byrne@gmail.com,police officer,Lanna.Byrne@yopmail.com
757,Damaris,Rad,Damaris.Rad@gmail.com,developer,Damaris.Rad@yopmail.com
758,Sonni,Read,Sonni.Read@gmail.com,police officer,Sonni.Read@yopmail.com
759,Pierette,Ovid,Pierette.Ovid@gmail.com,doctor,Pierette.Ovid@yopmail.com
760,Gwenneth,Klotz,Gwenneth.Klotz@gmail.com,developer,Gwenneth.Klotz@yopmail.com
761,Albertina,Sidonius,Albertina.Sidonius@gmail.com,doctor,Albertina.Sidonius@yopmail.com
762,Raquela,Santoro,Raquela.Santoro@gmail.com,firefighter,Raquela.Santoro@yopmail.com
763,Winny,Kaete,Winny.Kaete@gmail.com,police officer,Winny.Kaete@yopmail.com
764,Wanda,Pip,Wanda.Pip@gmail.com,worker,Wanda.Pip@yopmail.com
765,Wynne,Obed,Wynne.Obed@gmail.com,firefighter,Wynne.Obed@yopmail.com
766,Babita,Croix,Babita.Croix@gmail.com,doctor,Babita.Croix@yopmail.com
767,Bill,Amethist,Bill.Amethist@gmail.com,worker,Bill.Amethist@yopmail.com
768,Tierney,Cookie,Tierney.Cookie@gmail.com,doctor,Tierney.Cookie@yopmail.com
769,Mady,Claudine,Mady.Claudine@gmail.com,doctor,Mady.Claudine@yopmail.com
770,Neila,Shaddock,Neila.Shaddock@gmail.com,firefighter,Neila.Shaddock@yopmail.com
771,Kirbee,Jacobah,Kirbee.Jacobah@gmail.com,doctor,Kirbee.Jacobah@yopmail.com
772,Esmeralda,Klotz,Esmeralda.Klotz@gmail.com,developer,Esmeralda.Klotz@yopmail.com
773,Tilly,Robertson,Tilly.Robertson@gmail.com,firefighter,Tilly.Robertson@yopmail.com
774,Valera,Shanley,Valera.Shanley@gmail.com,doctor,Valera.Shanley@yopmail.com
775,Ernesta,My,Ernesta.My@gmail.com,police officer,Ernesta.My@yopmail.com
776,Frieda,Winnick,Frieda.Winnick@gmail.com,worker,Frieda.Winnick@yopmail.com
777,Hayley,Ciro,Hayley.Ciro@gmail.com,police officer,Hayley.Ciro@yopmail.com
778,Raf,Holbrook,Raf.Holbrook@gmail.com,worker,Raf.Holbrook@yopmail.com
779,Elfreda,O'Rourke,Elfreda.O'Rourke@gmail.com,firefighter,Elfreda.O'Rourke@yopmail.com
780,Maud,Rocray,Maud.Rocray@gmail.com,police officer,Maud.Rocray@yopmail.com
781,Bernardine,Chinua,Bernardine.Chinua@gmail.com,police officer,Bernardine.Chinua@yopmail.com
782,Rhoda,Allys,Rhoda.Allys@gmail.com,police officer,Rhoda.Allys@yopmail.com
783,Emilia,Diogenes,Emilia.Diogenes@gmail.com,doctor,Emilia.Diogenes@yopmail.com
784,Dominga,Gaynor,Dominga.Gaynor@gmail.com,developer,Dominga.Gaynor@yopmail.com
785,Jorry,Craggie,Jorry.Craggie@gmail.com,firefighter,Jorry.Craggie@yopmail.com
786,Selia,Neva,Selia.Neva@gmail.com,doctor,Selia.Neva@yopmail.com
787,Jsandye,Esmaria,Jsandye.Esmaria@gmail.com,worker,Jsandye.Esmaria@yopmail.com
788,Lacie,Wattenberg,Lacie.Wattenberg@gmail.com,developer,Lacie.Wattenberg@yopmail.com
789,Joy,Obed,Joy.Obed@gmail.com,developer,Joy.Obed@yopmail.com
790,Sophia,Nadia,Sophia.Nadia@gmail.com,worker,Sophia.Nadia@yopmail.com
791,Nessie,Dyche,Nessie.Dyche@gmail.com,police officer,Nessie.Dyche@yopmail.com
792,Gloria,Thar,Gloria.Thar@gmail.com,worker,Gloria.Thar@yopmail.com
793,Henriette,Stoller,Henriette.Stoller@gmail.com,police officer,Henriette.Stoller@yopmail.com
794,Elvira,Adamsen,Elvira.Adamsen@gmail.com,doctor,Elvira.Adamsen@yopmail.com
795,Sissy,Mitzi,Sissy.Mitzi@gmail.com,worker,Sissy.Mitzi@yopmail.com
796,Kaja,Mintz,Kaja.Mintz@gmail.com,worker,Kaja.Mintz@yopmail.com
797,Livvyy,Harday,Livvyy.Harday@gmail.com,doctor,Livvyy.Harday@yopmail.com
798,Teddie,Bonilla,Teddie.Bonilla@gmail.com,worker,Teddie.Bonilla@yopmail.com
799,Gusty,Latini,Gusty.Latini@gmail.com,police officer,Gusty.Latini@yopmail.com
800,Cam,Abbot,Cam.Abbot@gmail.com,worker,Cam.Abbot@yopmail.com
801,Celestyna,Middleton,Celestyna.Middleton@gmail.com,worker,Celestyna.Middleton@yopmail.com
802,Carmencita,Zachary,Carmencita.Zachary@gmail.com,police officer,Carmencita.Zachary@yopmail.com
803,Georgetta,Schonfeld,Georgetta.Schonfeld@gmail.com,developer,Georgetta.Schonfeld@yopmail.com
804,Fernande,Swanhildas,Fernande.Swanhildas@gmail.com,developer,Fernande.Swanhildas@yopmail.com
805,Libbie,Yusuk,Libbie.Yusuk@gmail.com,police officer,Libbie.Yusuk@yopmail.com
806,Susan,Ardra,Susan.Ardra@gmail.com,police officer,Susan.Ardra@yopmail.com
807,Lucille,Frodi,Lucille.Frodi@gmail.com,police officer,Lucille.Frodi@yopmail.com
808,Averyl,Kat,Averyl.Kat@gmail.com,worker,Averyl.Kat@yopmail.com
809,Marnia,Odysseus,Marnia.Odysseus@gmail.com,worker,Marnia.Odysseus@yopmail.com
810,Calla,Merat,Calla.Merat@gmail.com,worker,Calla.Merat@yopmail.com
811,Brandise,Muriel,Brandise.Muriel@gmail.com,developer,Brandise.Muriel@yopmail.com
812,Cecile,Gusella,Cecile.Gusella@gmail.com,developer,Cecile.Gusella@yopmail.com
813,Jere,Ball,Jere.Ball@gmail.com,police officer,Jere.Ball@yopmail.com
814,Winny,Seligman,Winny.Seligman@gmail.com,firefighter,Winny.Seligman@yopmail.com
815,Gwenneth,Grimbly,Gwenneth.Grimbly@gmail.com,developer,Gwenneth.Grimbly@yopmail.com
816,Feliza,Shields,Feliza.Shields@gmail.com,firefighter,Feliza.Shields@yopmail.com
817,Rivalee,Gaspard,Rivalee.Gaspard@gmail.com,doctor,Rivalee.Gaspard@yopmail.com
818,Oralee,Dyche,Oralee.Dyche@gmail.com,firefighter,Oralee.Dyche@yopmail.com
819,Esmeralda,Shanley,Esmeralda.Shanley@gmail.com,firefighter,Esmeralda.Shanley@yopmail.com
820,Angela,Chinua,Angela.Chinua@gmail.com,firefighter,Angela.Chinua@yopmail.com
821,Codie,Malanie,Codie.Malanie@gmail.com,worker,Codie.Malanie@yopmail.com
822,Renie,Rustice,Renie.Rustice@gmail.com,doctor,Renie.Rustice@yopmail.com
823,Molli,Gualtiero,Molli.Gualtiero@gmail.com,worker,Molli.Gualtiero@yopmail.com
824,Stephanie,Presber,Stephanie.Presber@gmail.com,firefighter,Stephanie.Presber@yopmail.com
825,Laurene,Doig,Laurene.Doig@gmail.com,worker,Laurene.Doig@yopmail.com
826,Jacquetta,Gombach,Jacquetta.Gombach@gmail.com,doctor,Jacquetta.Gombach@yopmail.com
827,Claudina,Juan,Claudina.Juan@gmail.com,developer,Claudina.Juan@yopmail.com
828,Melina,Susannah,Melina.Susannah@gmail.com,firefighter,Melina.Susannah@yopmail.com
829,Desirae,Blake,Desirae.Blake@gmail.com,police officer,Desirae.Blake@yopmail.com
830,Alia,Timon,Alia.Timon@gmail.com,developer,Alia.Timon@yopmail.com
831,Cassandra,Aprile,Cassandra.Aprile@gmail.com,doctor,Cassandra.Aprile@yopmail.com
832,Brooks,Mike,Brooks.Mike@gmail.com,police officer,Brooks.Mike@yopmail.com
833,Ermengarde,Gamaliel,Ermengarde.Gamaliel@gmail.com,worker,Ermengarde.Gamaliel@yopmail.com
834,Riannon,Wilona,Riannon.Wilona@gmail.com,doctor,Riannon.Wilona@yopmail.com
835,Glenda,Sallyann,Glenda.Sallyann@gmail.com,police officer,Glenda.Sallyann@yopmail.com
836,Melanie,Eno,Melanie.Eno@gmail.com,firefighter,Melanie.Eno@yopmail.com
837,Hannis,Aaberg,Hannis.Aaberg@gmail.com,police officer,Hannis.Aaberg@yopmail.com
838,Bibby,Kosey,Bibby.Kosey@gmail.com,developer,Bibby.Kosey@yopmail.com
839,Marika,Pierette,Marika.Pierette@gmail.com,worker,Marika.Pierette@yopmail.com
840,Imojean,Wandie,Imojean.Wandie@gmail.com,worker,Imojean.Wandie@yopmail.com
841,Riannon,Minetta,Riannon.Minetta@gmail.com,police officer,Riannon.Minetta@yopmail.com
842,Almeta,Miru,Almeta.Miru@gmail.com,worker,Almeta.Miru@yopmail.com
843,Tabbatha,Eiser,Tabbatha.Eiser@gmail.com,worker,Tabbatha.Eiser@yopmail.com
844,Bettine,Vastah,Bettine.Vastah@gmail.com,worker,Bettine.Vastah@yopmail.com
845,Janenna,Korey,Janenna.Korey@gmail.com,developer,Janenna.Korey@yopmail.com
846,Marsiella,McGrody,Marsiella.McGrody@gmail.com,developer,Marsiella.McGrody@yopmail.com
847,Valeda,Arathorn,Valeda.Arathorn@gmail.com,police officer,Valeda.Arathorn@yopmail.com
848,Claresta,Horan,Claresta.Horan@gmail.com,doctor,Claresta.Horan@yopmail.com
849,Gavrielle,Aurelio,Gavrielle.Aurelio@gmail.com,doctor,Gavrielle.Aurelio@yopmail.com
850,Carly,Arathorn,Carly.Arathorn@gmail.com,police officer,Carly.Arathorn@yopmail.com
851,Emylee,Ajay,Emylee.Ajay@gmail.com,worker,Emylee.Ajay@yopmail.com
852,Evita,Sinegold,Evita.Sinegold@gmail.com,doctor,Evita.Sinegold@yopmail.com
853,Frank,Bahr,Frank.Bahr@gmail.com,doctor,Frank.Bahr@yopmail.com
854,Jerry,Dahlia,Jerry.Dahlia@gmail.com,firefighter,Jerry.Dahlia@yopmail.com
855,Chickie,Agle,Chickie.Agle@gmail.com,developer,Chickie.Agle@yopmail.com
856,Celestyna,Rurik,Celestyna.Rurik@gmail.com,worker,Celestyna.Rurik@yopmail.com
857,Elbertina,Sammons,Elbertina.Sammons@gmail.com,doctor,Elbertina.Sammons@yopmail.com
858,Tracey,Ralfston,Tracey.Ralfston@gmail.com,firefighter,Tracey.Ralfston@yopmail.com
859,Nikki,Ciro,Nikki.Ciro@gmail.com,developer,Nikki.Ciro@yopmail.com
860,Laurene,Trace,Laurene.Trace@gmail.com,police officer,Laurene.Trace@yopmail.com
861,Ada,Gaynor,Ada.Gaynor@gmail.com,doctor,Ada.Gaynor@yopmail.com
862,Brandise,Cutlerr,Brandise.Cutlerr@gmail.com,firefighter,Brandise.Cutlerr@yopmail.com
863,Nonnah,Uird,Nonnah.Uird@gmail.com,developer,Nonnah.Uird@yopmail.com
864,Raf,Loring,Raf.Loring@gmail.com,police officer,Raf.Loring@yopmail.com
865,Mathilda,Maisey,Mathilda.Maisey@gmail.com,police officer,Mathilda.Maisey@yopmail.com
866,Linzy,Lalitta,Linzy.Lalitta@gmail.com,developer,Linzy.Lalitta@yopmail.com
867,Miquela,Read,Miquela.Read@gmail.com,developer,Miquela.Read@yopmail.com
868,Perry,Crudden,Perry.Crudden@gmail.com,worker,Perry.Crudden@yopmail.com
869,Henriette,Caitlin,Henriette.Caitlin@gmail.com,police officer,Henriette.Caitlin@yopmail.com
870,Correy,Fancie,Correy.Fancie@gmail.com,firefighter,Correy.Fancie@yopmail.com
871,Netty,Cynar,Netty.Cynar@gmail.com,doctor,Netty.Cynar@yopmail.com
872,Di,Iiette,Di.Iiette@gmail.com,doctor,Di.Iiette@yopmail.com
873,Jean,Cohdwell,Jean.Cohdwell@gmail.com,police officer,Jean.Cohdwell@yopmail.com
874,Elvira,Whiffen,Elvira.Whiffen@gmail.com,police officer,Elvira.Whiffen@yopmail.com
875,Dale,Arquit,Dale.Arquit@gmail.com,firefighter,Dale.Arquit@yopmail.com
876,Joy,Pillsbury,Joy.Pillsbury@gmail.com,police officer,Joy.Pillsbury@yopmail.com
877,Ellette,Kiyoshi,Ellette.Kiyoshi@gmail.com,police officer,Ellette.Kiyoshi@yopmail.com
878,Deedee,Bryna,Deedee.Bryna@gmail.com,police officer,Deedee.Bryna@yopmail.com
879,Linet,Keelia,Linet.Keelia@gmail.com,doctor,Linet.Keelia@yopmail.com
880,Tani,Thomasina,Tani.Thomasina@gmail.com,police officer,Tani.Thomasina@yopmail.com
881,Adele,Casimir,Adele.Casimir@gmail.com,worker,Adele.Casimir@yopmail.com
882,Carmencita,Gherardo,Carmencita.Gherardo@gmail.com,worker,Carmencita.Gherardo@yopmail.com
883,Beatriz,McCutcheon,Beatriz.McCutcheon@gmail.com,worker,Beatriz.McCutcheon@yopmail.com
884,Amelia,Sigfrid,Amelia.Sigfrid@gmail.com,firefighter,Amelia.Sigfrid@yopmail.com
885,Libbie,Mich,Libbie.Mich@gmail.com,firefighter,Libbie.Mich@yopmail.com
886,Dorice,Glovsky,Dorice.Glovsky@gmail.com,worker,Dorice.Glovsky@yopmail.com
887,Hettie,McAdams,Hettie.McAdams@gmail.com,developer,Hettie.McAdams@yopmail.com
888,Barbara,Ilka,Barbara.Ilka@gmail.com,firefighter,Barbara.Ilka@yopmail.com
889,Bee,Olympium,Bee.Olympium@gmail.com,police officer,Bee.Olympium@yopmail.com
890,Emylee,Dimitris,Emylee.Dimitris@gmail.com,doctor,Emylee.Dimitris@yopmail.com
891,Marti,Bonilla,Marti.Bonilla@gmail.com,developer,Marti.Bonilla@yopmail.com
892,Rori,Arathorn,Rori.Arathorn@gmail.com,doctor,Rori.Arathorn@yopmail.com
893,Rosabelle,Ummersen,Rosabelle.Ummersen@gmail.com,police officer,Rosabelle.Ummersen@yopmail.com
894,Mellicent,Hoenack,Mellicent.Hoenack@gmail.com,worker,Mellicent.Hoenack@yopmail.com
895,Britte,Emanuel,Britte.Emanuel@gmail.com,developer,Britte.Emanuel@yopmail.com
896,Corry,Rebecka,Corry.Rebecka@gmail.com,firefighter,Corry.Rebecka@yopmail.com
897,Kaja,Weide,Kaja.Weide@gmail.com,firefighter,Kaja.Weide@yopmail.com
898,Carilyn,Alejoa,Carilyn.Alejoa@gmail.com,developer,Carilyn.Alejoa@yopmail.com
899,Emylee,Sophronia,Emylee.Sophronia@gmail.com,developer,Emylee.Sophronia@yopmail.com
900,Gabi,Vittoria,Gabi.Vittoria@gmail.com,developer,Gabi.Vittoria@yopmail.com
901,Suzette,Gladstone,Suzette.Gladstone@gmail.com,doctor,Suzette.Gladstone@yopmail.com
902,Mireielle,Grayce,Mireielle.Grayce@gmail.com,police officer,Mireielle.Grayce@yopmail.com
903,Alia,Oscar,Alia.Oscar@gmail.com,firefighter,Alia.Oscar@yopmail.com
904,Kristan,Munn,Kristan.Munn@gmail.com,firefighter,Kristan.Munn@yopmail.com
905,Doralynne,Shields,Doralynne.Shields@gmail.com,firefighter,Doralynne.Shields@yopmail.com
906,Bee,Presber,Bee.Presber@gmail.com,doctor,Bee.Presber@yopmail.com
907,Shell,Adore,Shell.Adore@gmail.com,developer,Shell.Adore@yopmail.com
908,Paule,Nisbet,Paule.Nisbet@gmail.com,firefighter,Paule.Nisbet@yopmail.com
909,Cacilie,Mitzi,Cacilie.Mitzi@gmail.com,firefighter,Cacilie.Mitzi@yopmail.com
910,Deedee,Sothena,Deedee.Sothena@gmail.com,police officer,Deedee.Sothena@yopmail.com
911,Audrie,Beebe,Audrie.Beebe@gmail.com,worker,Audrie.Beebe@yopmail.com
912,Delilah,Lory,Delilah.Lory@gmail.com,doctor,Delilah.Lory@yopmail.com
913,Deane,Seligman,Deane.Seligman@gmail.com,doctor,Deane.Seligman@yopmail.com
914,Kary,Ball,Kary.Ball@gmail.com,doctor,Kary.Ball@yopmail.com
915,Riannon,Clarissa,Riannon.Clarissa@gmail.com,police officer,Riannon.Clarissa@yopmail.com
916,Rozele,Gavrila,Rozele.Gavrila@gmail.com,worker,Rozele.Gavrila@yopmail.com
917,Joeann,Cornelia,Joeann.Cornelia@gmail.com,police officer,Joeann.Cornelia@yopmail.com
918,Marylou,Zola,Marylou.Zola@gmail.com,firefighter,Marylou.Zola@yopmail.com
919,Meriel,Schlosser,Meriel.Schlosser@gmail.com,developer,Meriel.Schlosser@yopmail.com
920,Lusa,Weinreb,Lusa.Weinreb@gmail.com,police officer,Lusa.Weinreb@yopmail.com
921,Stevana,Adore,Stevana.Adore@gmail.com,doctor,Stevana.Adore@yopmail.com
922,Jere,Gaynor,Jere.Gaynor@gmail.com,worker,Jere.Gaynor@yopmail.com
923,Fawne,Franza,Fawne.Franza@gmail.com,developer,Fawne.Franza@yopmail.com
924,Elmira,Socha,Elmira.Socha@gmail.com,police officer,Elmira.Socha@yopmail.com
925,Karly,Corrine,Karly.Corrine@gmail.com,developer,Karly.Corrine@yopmail.com
926,Tabbatha,Fairweather,Tabbatha.Fairweather@gmail.com,firefighter,Tabbatha.Fairweather@yopmail.com
927,Micheline,Eldrid,Micheline.Eldrid@gmail.com,police officer,Micheline.Eldrid@yopmail.com
928,Elmira,Suk,Elmira.Suk@gmail.com,developer,Elmira.Suk@yopmail.com
929,Gianina,Klotz,Gianina.Klotz@gmail.com,worker,Gianina.Klotz@yopmail.com
930,Donetta,Urias,Donetta.Urias@gmail.com,doctor,Donetta.Urias@yopmail.com
931,Yetty,Kress,Yetty.Kress@gmail.com,police officer,Yetty.Kress@yopmail.com
932,Shannah,Katrine,Shannah.Katrine@gmail.com,developer,Shannah.Katrine@yopmail.com
933,Magdalena,Center,Magdalena.Center@gmail.com,police officer,Magdalena.Center@yopmail.com
934,Karina,Olnee,Karina.Olnee@gmail.com,firefighter,Karina.Olnee@yopmail.com
935,Brianna,Durware,Brianna.Durware@gmail.com,firefighter,Brianna.Durware@yopmail.com
936,Blake,Virgin,Blake.Virgin@gmail.com,developer,Blake.Virgin@yopmail.com
937,Elyssa,Brieta,Elyssa.Brieta@gmail.com,developer,Elyssa.Brieta@yopmail.com
938,Joleen,Dermott,Joleen.Dermott@gmail.com,developer,Joleen.Dermott@yopmail.com
939,Gale,Miru,Gale.Miru@gmail.com,firefighter,Gale.Miru@yopmail.com
940,Lolita,Kannry,Lolita.Kannry@gmail.com,worker,Lolita.Kannry@yopmail.com
941,Maryellen,Garbe,Maryellen.Garbe@gmail.com,developer,Maryellen.Garbe@yopmail.com
942,Riannon,Glenden,Riannon.Glenden@gmail.com,doctor,Riannon.Glenden@yopmail.com
943,Theodora,Reidar,Theodora.Reidar@gmail.com,firefighter,Theodora.Reidar@yopmail.com
944,Myriam,Flita,Myriam.Flita@gmail.com,firefighter,Myriam.Flita@yopmail.com
945,Joeann,Dearborn,Joeann.Dearborn@gmail.com,worker,Joeann.Dearborn@yopmail.com
946,Quintina,Chabot,Quintina.Chabot@gmail.com,police officer,Quintina.Chabot@yopmail.com
947,Jessy,Dermott,Jessy.Dermott@gmail.com,developer,Jessy.Dermott@yopmail.com
948,Binny,Joachim,Binny.Joachim@gmail.com,developer,Binny.Joachim@yopmail.com
949,Tera,Toffic,Tera.Toffic@gmail.com,firefighter,Tera.Toffic@yopmail.com
950,Delilah,Baptlsta,Delilah.Baptlsta@gmail.com,worker,Delilah.Baptlsta@yopmail.com
951,Rubie,Bettine,Rubie.Bettine@gmail.com,police officer,Rubie.Bettine@yopmail.com
952,Hope,Rad,Hope.Rad@gmail.com,firefighter,Hope.Rad@yopmail.com
953,Farrah,Westphal,Farrah.Westphal@gmail.com,developer,Farrah.Westphal@yopmail.com
954,Nonnah,Fennessy,Nonnah.Fennessy@gmail.com,developer,Nonnah.Fennessy@yopmail.com
955,Arlena,Pettiford,Arlena.Pettiford@gmail.com,firefighter,Arlena.Pettiford@yopmail.com
956,Raina,McGrody,Raina.McGrody@gmail.com,firefighter,Raina.McGrody@yopmail.com
957,Aurore,Ellord,Aurore.Ellord@gmail.com,police officer,Aurore.Ellord@yopmail.com
958,Brandise,McClimans,Brandise.McClimans@gmail.com,police officer,Brandise.McClimans@yopmail.com
959,Lita,Cadmar,Lita.Cadmar@gmail.com,worker,Lita.Cadmar@yopmail.com
960,Petronia,McGrody,Petronia.McGrody@gmail.com,doctor,Petronia.McGrody@yopmail.com
961,Alameda,Garek,Alameda.Garek@gmail.com,police officer,Alameda.Garek@yopmail.com
962,Phylis,Joli,Phylis.Joli@gmail.com,worker,Phylis.Joli@yopmail.com
963,Raf,Gwenore,Raf.Gwenore@gmail.com,worker,Raf.Gwenore@yopmail.com
964,Kayla,Wadell,Kayla.Wadell@gmail.com,developer,Kayla.Wadell@yopmail.com
965,Ginnie,Primalia,Ginnie.Primalia@gmail.com,developer,Ginnie.Primalia@yopmail.com
966,Joleen,Vanni,Joleen.Vanni@gmail.com,firefighter,Joleen.Vanni@yopmail.com
967,Grier,Bibi,Grier.Bibi@gmail.com,firefighter,Grier.Bibi@yopmail.com
968,Clementine,Afton,Clementine.Afton@gmail.com,police officer,Clementine.Afton@yopmail.com
969,Chrystel,Schalles,Chrystel.Schalles@gmail.com,worker,Chrystel.Schalles@yopmail.com
970,Hayley,Land,Hayley.Land@gmail.com,worker,Hayley.Land@yopmail.com
971,Cathie,Bari,Cathie.Bari@gmail.com,developer,Cathie.Bari@yopmail.com
972,Ursulina,Olnee,Ursulina.Olnee@gmail.com,developer,Ursulina.Olnee@yopmail.com
973,Gianina,Slifka,Gianina.Slifka@gmail.com,developer,Gianina.Slifka@yopmail.com
974,Lisette,Fleeta,Lisette.Fleeta@gmail.com,doctor,Lisette.Fleeta@yopmail.com
975,Ofilia,Hanleigh,Ofilia.Hanleigh@gmail.com,police officer,Ofilia.Hanleigh@yopmail.com
976,Shaine,Rossner,Shaine.Rossner@gmail.com,doctor,Shaine.Rossner@yopmail.com
977,Inga,Kirstin,Inga.Kirstin@gmail.com,worker,Inga.Kirstin@yopmail.com
978,Joceline,Giff,Joceline.Giff@gmail.com,police officer,Joceline.Giff@yopmail.com
979,Agnese,Tippets,Agnese.Tippets@gmail.com,developer,Agnese.Tippets@yopmail.com
980,Alameda,Chapland,Alameda.Chapland@gmail.com,developer,Alameda.Chapland@yopmail.com
981,Evaleen,Celestine,Evaleen.Celestine@gmail.com,developer,Evaleen.Celestine@yopmail.com
982,Ivett,Terrence,Ivett.Terrence@gmail.com,worker,Ivett.Terrence@yopmail.com
983,Gilda,Susannah,Gilda.Susannah@gmail.com,police officer,Gilda.Susannah@yopmail.com
984,Danny,Hanleigh,Danny.Hanleigh@gmail.com,police officer,Danny.Hanleigh@yopmail.com
985,Brianna,Skell,Brianna.Skell@gmail.com,firefighter,Brianna.Skell@yopmail.com
986,Mireielle,Urania,Mireielle.Urania@gmail.com,firefighter,Mireielle.Urania@yopmail.com
987,Kimmy,Maryanne,Kimmy.Maryanne@gmail.com,firefighter,Kimmy.Maryanne@yopmail.com
988,Fina,Dorothy,Fina.Dorothy@gmail.com,firefighter,Fina.Dorothy@yopmail.com
989,Riannon,Jehu,Riannon.Jehu@gmail.com,worker,Riannon.Jehu@yopmail.com
990,Mady,Rosalba,Mady.Rosalba@gmail.com,doctor,Mady.Rosalba@yopmail.com
991,Etta,Delp,Etta.Delp@gmail.com,doctor,Etta.Delp@yopmail.com
992,Juliane,Ashok,Juliane.Ashok@gmail.com,doctor,Juliane.Ashok@yopmail.com
993,Alie,Goldina,Alie.Goldina@gmail.com,developer,Alie.Goldina@yopmail.com
994,Donetta,Baptlsta,Donetta.Baptlsta@gmail.com,firefighter,Donetta.Baptlsta@yopmail.com
995,Sibella,Bronk,Sibella.Bronk@gmail.com,developer,Sibella.Bronk@yopmail.com
996,Brianna,Torray,Brianna.Torray@gmail.com,worker,Brianna.Torray@yopmail.com
997,Paulita,Sherfield,Paulita.Sherfield@gmail.com,developer,Paulita.Sherfield@yopmail.com
998,Consuela,Caitlin,Consuela.Caitlin@gmail.com,developer,Consuela.Caitlin@yopmail.com
999,Magdalena,Dielu,Magdalena.Dielu@gmail.com,firefighter,Magdalena.Dielu@yopmail.com
1000,Kristina,Bibi,Kristina.Bibi@gmail.com,worker,Kristina.Bibi@yopmail.com
1001,Dede,Tengdin,Dede.Tengdin@gmail.com,doctor,Dede.Tengdin@yopmail.com
1002,Florencia,Georas,Florencia.Georas@gmail.com,developer,Florencia.Georas@yopmail.com
1003,Luci,Reinke,Luci.Reinke@gmail.com,doctor,Luci.Reinke@yopmail.com
1004,Rubie,Jotham,Rubie.Jotham@gmail.com,developer,Rubie.Jotham@yopmail.com
1005,Roz,Ioab,Roz.Ioab@gmail.com,firefighter,Roz.Ioab@yopmail.com
1006,Vere,Dorothy,Vere.Dorothy@gmail.com,doctor,Vere.Dorothy@yopmail.com
1007,Binny,Liebermann,Binny.Liebermann@gmail.com,doctor,Binny.Liebermann@yopmail.com
1008,Judy,Delacourt,Judy.Delacourt@gmail.com,doctor,Judy.Delacourt@yopmail.com
1009,Lulita,Krystle,Lulita.Krystle@gmail.com,firefighter,Lulita.Krystle@yopmail.com
1010,Claresta,Raseda,Claresta.Raseda@gmail.com,developer,Claresta.Raseda@yopmail.com
1011,Gwyneth,Jammal,Gwyneth.Jammal@gmail.com,developer,Gwyneth.Jammal@yopmail.com
1012,Heida,Baylor,Heida.Baylor@gmail.com,developer,Heida.Baylor@yopmail.com
1013,Fawne,Lissi,Fawne.Lissi@gmail.com,developer,Fawne.Lissi@yopmail.com
1014,Jennica,Garbe,Jennica.Garbe@gmail.com,police officer,Jennica.Garbe@yopmail.com
1015,Susette,Warthman,Susette.Warthman@gmail.com,developer,Susette.Warthman@yopmail.com
1016,Ardenia,Haldas,Ardenia.Haldas@gmail.com,doctor,Ardenia.Haldas@yopmail.com
1017,Mallory,Myrilla,Mallory.Myrilla@gmail.com,worker,Mallory.Myrilla@yopmail.com
1018,Claudina,Konyn,Claudina.Konyn@gmail.com,police officer,Claudina.Konyn@yopmail.com
1019,Mureil,Tiffa,Mureil.Tiffa@gmail.com,firefighter,Mureil.Tiffa@yopmail.com
1020,Sallie,Felecia,Sallie.Felecia@gmail.com,developer,Sallie.Felecia@yopmail.com
1021,Melisent,Lowry,Melisent.Lowry@gmail.com,doctor,Melisent.Lowry@yopmail.com
1022,Halette,Hathaway,Halette.Hathaway@gmail.com,police officer,Halette.Hathaway@yopmail.com
1023,Imojean,Hilbert,Imojean.Hilbert@gmail.com,worker,Imojean.Hilbert@yopmail.com
1024,Tabbatha,Dash,Tabbatha.Dash@gmail.com,doctor,Tabbatha.Dash@yopmail.com
1025,Desirae,Sammons,Desirae.Sammons@gmail.com,doctor,Desirae.Sammons@yopmail.com
1026,Tabbatha,Wilkinson,Tabbatha.Wilkinson@gmail.com,worker,Tabbatha.Wilkinson@yopmail.com
1027,Dianemarie,Stelle,Dianemarie.Stelle@gmail.com,firefighter,Dianemarie.Stelle@yopmail.com
1028,Ayn,Flyn,Ayn.Flyn@gmail.com,firefighter,Ayn.Flyn@yopmail.com
1029,Tori,Elsinore,Tori.Elsinore@gmail.com,police officer,Tori.Elsinore@yopmail.com
1030,Consuela,Pacorro,Consuela.Pacorro@gmail.com,doctor,Consuela.Pacorro@yopmail.com
1031,Misha,Creamer,Misha.Creamer@gmail.com,firefighter,Misha.Creamer@yopmail.com
1032,Rosene,Kalinda,Rosene.Kalinda@gmail.com,firefighter,Rosene.Kalinda@yopmail.com
1033,Ursulina,Himelman,Ursulina.Himelman@gmail.com,firefighter,Ursulina.Himelman@yopmail.com
1034,Livvyy,Pip,Livvyy.Pip@gmail.com,worker,Livvyy.Pip@yopmail.com
1035,Suzette,Wolfgram,Suzette.Wolfgram@gmail.com,doctor,Suzette.Wolfgram@yopmail.com
1036,Babita,Love,Babita.Love@gmail.com,worker,Babita.Love@yopmail.com
1037,Chandra,LaRue,Chandra.LaRue@gmail.com,firefighter,Chandra.LaRue@yopmail.com
1038,Nariko,Isidore,Nariko.Isidore@gmail.com,doctor,Nariko.Isidore@yopmail.com
1039,Jere,Rolf,Jere.Rolf@gmail.com,developer,Jere.Rolf@yopmail.com
1040,Abbie,Garlinda,Abbie.Garlinda@gmail.com,doctor,Abbie.Garlinda@yopmail.com
1041,Charlena,Noam,Charlena.Noam@gmail.com,doctor,Charlena.Noam@yopmail.com
1042,Dale,Eachern,Dale.Eachern@gmail.com,police officer,Dale.Eachern@yopmail.com
1043,June,Bronk,June.Bronk@gmail.com,worker,June.Bronk@yopmail.com
1044,Kaia,Evangelia,Kaia.Evangelia@gmail.com,firefighter,Kaia.Evangelia@yopmail.com
1045,Zia,Blisse,Zia.Blisse@gmail.com,firefighter,Zia.Blisse@yopmail.com
1046,Jacenta,Cleo,Jacenta.Cleo@gmail.com,worker,Jacenta.Cleo@yopmail.com
1047,Talya,Stav,Talya.Stav@gmail.com,worker,Talya.Stav@yopmail.com
1049,Danika,Georas,Danika.Georas@gmail.com,police officer,Danika.Georas@yopmail.com
1050,Elena,Solitta,Elena.Solitta@gmail.com,police officer,Elena.Solitta@yopmail.com
1051,Dorothy,Jotham,Dorothy.Jotham@gmail.com,worker,Dorothy.Jotham@yopmail.com
1052,Mellicent,Lattie,Mellicent.Lattie@gmail.com,developer,Mellicent.Lattie@yopmail.com
1053,Dorthy,Helfand,Dorthy.Helfand@gmail.com,worker,Dorthy.Helfand@yopmail.com
1054,Cam,Nicoline,Cam.Nicoline@gmail.com,developer,Cam.Nicoline@yopmail.com
1055,Edyth,Truc,Edyth.Truc@gmail.com,firefighter,Edyth.Truc@yopmail.com
1056,Kate,Anis,Kate.Anis@gmail.com,firefighter,Kate.Anis@yopmail.com
1057,Dulce,Read,Dulce.Read@gmail.com,firefighter,Dulce.Read@yopmail.com
1058,Pamella,Terrence,Pamella.Terrence@gmail.com,doctor,Pamella.Terrence@yopmail.com
1059,Misha,Schalles,Misha.Schalles@gmail.com,firefighter,Misha.Schalles@yopmail.com
1060,Eve,Erskine,Eve.Erskine@gmail.com,developer,Eve.Erskine@yopmail.com
1061,Hope,Ophelia,Hope.Ophelia@gmail.com,developer,Hope.Ophelia@yopmail.com
1062,Heddiea,Sandye,Heddie.Sandye@gmail.com,doctor,Heddie.Sandye@yopmail.com
1063,Roberta,Bebe,Roberta.Bebe@gmail.com,police officer,Roberta.Bebe@yopmail.com
1064,Gerianna,Kelula,Gerianna.Kelula@gmail.com,worker,Gerianna.Kelula@yopmail.com
1065,Jackie,Boycey,Jackie.Boycey@gmail.com,developer,Jackie.Boycey@yopmail.com
1066,Roberta,Karylin,Roberta.Karylin@gmail.com,worker,Roberta.Karylin@yopmail.com
1067,Philis,Neils,Philis.Neils@gmail.com,developer,Philis.Neils@yopmail.com
1068,Ardeen,Honoria,Ardeen.Honoria@gmail.com,police officer,Ardeen.Honoria@yopmail.com
1069,Bobinette,Lasley,Bobinette.Lasley@gmail.com,developer,Bobinette.Lasley@yopmail.com
1070,Gratia,Martsen,Gratia.Martsen@gmail.com,worker,Gratia.Martsen@yopmail.com
1071,Merry,Luhe,Merry.Luhe@gmail.com,developer,Merry.Luhe@yopmail.com
1072,Ardeen,Lorenz,Ardeen.Lorenz@gmail.com,firefighter,Ardeen.Lorenz@yopmail.com
1073,Ardeen,Libna,Ardeen.Libna@gmail.com,firefighter,Ardeen.Libna@yopmail.com
1074,Beth,Verger,Beth.Verger@gmail.com,developer,Beth.Verger@yopmail.com
1075,Charissa,Koziara,Charissa.Koziara@gmail.com,developer,Charissa.Koziara@yopmail.com
1076,Tonia,Boehike,Tonia.Boehike@gmail.com,doctor,Tonia.Boehike@yopmail.com
1077,Gretal,Viddah,Gretal.Viddah@gmail.com,worker,Gretal.Viddah@yopmail.com
1078,Yetty,Ilka,Yetty.Ilka@gmail.com,police officer,Yetty.Ilka@yopmail.com
1079,Jerry,Gamaliel,Jerry.Gamaliel@gmail.com,doctor,Jerry.Gamaliel@yopmail.com
1080,Marnia,Gaal,Marnia.Gaal@gmail.com,doctor,Marnia.Gaal@yopmail.com
1081,Dulce,Drus,Dulce.Drus@gmail.com,developer,Dulce.Drus@yopmail.com
1082,Janis,Harriman,Janis.Harriman@gmail.com,developer,Janis.Harriman@yopmail.com
1083,Kalina,Keelia,Kalina.Keelia@gmail.com,firefighter,Kalina.Keelia@yopmail.com
1084,Raf,Baudin,Raf.Baudin@gmail.com,doctor,Raf.Baudin@yopmail.com
1085,Eadie,Shama,Eadie.Shama@gmail.com,police officer,Eadie.Shama@yopmail.com
1086,Georgina,Ashely,Georgina.Ashely@gmail.com,firefighter,Georgina.Ashely@yopmail.com
1087,Dulcinea,Kazimir,Dulcinea.Kazimir@gmail.com,worker,Dulcinea.Kazimir@yopmail.com
1088,Atlanta,Vilma,Atlanta.Vilma@gmail.com,police officer,Atlanta.Vilma@yopmail.com
1089,Cacilie,Carmena,Cacilie.Carmena@gmail.com,police officer,Cacilie.Carmena@yopmail.com
1090,Rhoda,Baudin,Rhoda.Baudin@gmail.com,firefighter,Rhoda.Baudin@yopmail.com
1091,Coral,Winthorpe,Coral.Winthorpe@gmail.com,firefighter,Coral.Winthorpe@yopmail.com
1092,Olivette,Philipp,Olivette.Philipp@gmail.com,police officer,Olivette.Philipp@yopmail.com
1093,Aubrie,Daniele,Aubrie.Daniele@gmail.com,worker,Aubrie.Daniele@yopmail.com
1094,Jasmina,Durware,Jasmina.Durware@gmail.com,worker,Jasmina.Durware@yopmail.com
1095,Madelle,Rossner,Madelle.Rossner@gmail.com,worker,Madelle.Rossner@yopmail.com
1096,Carmencita,Bebe,Carmencita.Bebe@gmail.com,firefighter,Carmencita.Bebe@yopmail.com
1097,Nelle,Ezar,Nelle.Ezar@gmail.com,firefighter,Nelle.Ezar@yopmail.com
1098,Tani,Halsey,Tani.Halsey@gmail.com,firefighter,Tani.Halsey@yopmail.com
1099,Melodie,Auberbach,Melodie.Auberbach@gmail.com,developer,Melodie.Auberbach@yopmail.com
